  [1m[35m (1.0ms)[0m  [1m[35mCREATE TABLE "schema_migrations" ("version" varchar NOT NULL PRIMARY KEY)[0m
  [1m[35m (0.8ms)[0m  [1m[35mCREATE TABLE "ar_internal_metadata" ("key" varchar NOT NULL PRIMARY KEY, "value" varchar, "created_at" datetime(6) NOT NULL, "updated_at" datetime(6) NOT NULL)[0m
  [1m[36mActiveRecord::SchemaMigration Pluck (0.0ms)[0m  [1m[34mSELECT "schema_migrations"."version" FROM "schema_migrations" ORDER BY "schema_migrations"."version" ASC[0m
Migrating to DeviseCreateUsers (20250113081656)
  [1m[36mTRANSACTION (0.0ms)[0m  [1m[36mbegin transaction[0m
  [1m[35m (0.3ms)[0m  [1m[35mCREATE TABLE "users" ("id" integer PRIMARY KEY AUTOINCREMENT NOT NULL, "email" varchar DEFAULT '' NOT NULL, "encrypted_password" varchar DEFAULT '' NOT NULL, "reset_password_token" varchar, "reset_password_sent_at" datetime(6), "remember_created_at" datetime(6), "created_at" datetime(6) NOT NULL, "updated_at" datetime(6) NOT NULL)[0m
  [1m[35m (0.0ms)[0m  [1m[35mCREATE UNIQUE INDEX "index_users_on_email" ON "users" ("email")[0m
  [1m[35m (0.0ms)[0m  [1m[35mCREATE UNIQUE INDEX "index_users_on_reset_password_token" ON "users" ("reset_password_token")[0m
  [1m[36mActiveRecord::SchemaMigration Create (0.1ms)[0m  [1m[32mINSERT INTO "schema_migrations" ("version") VALUES (?)[0m  [["version", "20250113081656"]]
  [1m[36mTRANSACTION (0.4ms)[0m  [1m[36mcommit transaction[0m
Migrating to CreateActiveStorageTables (20250113081657)
  [1m[36mTRANSACTION (0.0ms)[0m  [1m[36mbegin transaction[0m
  [1m[35m (0.3ms)[0m  [1m[35mCREATE TABLE "active_storage_blobs" ("id" integer PRIMARY KEY AUTOINCREMENT NOT NULL, "key" varchar NOT NULL, "filename" varchar NOT NULL, "content_type" varchar, "metadata" text, "service_name" varchar NOT NULL, "byte_size" bigint NOT NULL, "checksum" varchar, "created_at" datetime(6) NOT NULL)[0m
  [1m[35m (0.0ms)[0m  [1m[35mCREATE UNIQUE INDEX "index_active_storage_blobs_on_key" ON "active_storage_blobs" ("key")[0m
  [1m[35m (0.0ms)[0m  [1m[35mCREATE TABLE "active_storage_attachments" ("id" integer PRIMARY KEY AUTOINCREMENT NOT NULL, "name" varchar NOT NULL, "record_type" varchar NOT NULL, "record_id" bigint NOT NULL, "blob_id" bigint NOT NULL, "created_at" datetime(6) NOT NULL, CONSTRAINT "fk_rails_c3b3935057"
FOREIGN KEY ("blob_id")
  REFERENCES "active_storage_blobs" ("id")
)[0m
  [1m[35m (0.0ms)[0m  [1m[35mCREATE INDEX "index_active_storage_attachments_on_blob_id" ON "active_storage_attachments" ("blob_id")[0m
  [1m[35m (0.0ms)[0m  [1m[35mCREATE UNIQUE INDEX "index_active_storage_attachments_uniqueness" ON "active_storage_attachments" ("record_type", "record_id", "name", "blob_id")[0m
  [1m[35m (0.0ms)[0m  [1m[35mCREATE TABLE "active_storage_variant_records" ("id" integer PRIMARY KEY AUTOINCREMENT NOT NULL, "blob_id" bigint NOT NULL, "variation_digest" varchar NOT NULL, CONSTRAINT "fk_rails_993965df05"
FOREIGN KEY ("blob_id")
  REFERENCES "active_storage_blobs" ("id")
)[0m
  [1m[35m (0.0ms)[0m  [1m[35mCREATE UNIQUE INDEX "index_active_storage_variant_records_uniqueness" ON "active_storage_variant_records" ("blob_id", "variation_digest")[0m
  [1m[36mActiveRecord::SchemaMigration Create (0.0ms)[0m  [1m[32mINSERT INTO "schema_migrations" ("version") VALUES (?)[0m  [["version", "20250113081657"]]
  [1m[36mTRANSACTION (0.4ms)[0m  [1m[36mcommit transaction[0m
  [1m[36mActiveRecord::InternalMetadata Load (0.0ms)[0m  [1m[34mSELECT "ar_internal_metadata".* FROM "ar_internal_metadata" WHERE "ar_internal_metadata"."key" = ? LIMIT ?[0m  [["key", "environment"], ["LIMIT", 1]]
  [1m[36mTRANSACTION (0.0ms)[0m  [1m[36mbegin transaction[0m
  [1m[36mActiveRecord::InternalMetadata Create (0.2ms)[0m  [1m[32mINSERT INTO "ar_internal_metadata" ("key", "value", "created_at", "updated_at") VALUES (?, ?, ?, ?)[0m  [["key", "environment"], ["value", "development"], ["created_at", "2025-01-13 08:16:59.078218"], ["updated_at", "2025-01-13 08:16:59.078218"]]
  [1m[36mTRANSACTION (0.3ms)[0m  [1m[36mcommit transaction[0m
  [1m[36mActiveRecord::SchemaMigration Pluck (0.0ms)[0m  [1m[34mSELECT "schema_migrations"."version" FROM "schema_migrations" ORDER BY "schema_migrations"."version" ASC[0m
Started GET "/" for ::1 at 2025-01-13 14:00:36 +0530
  [1m[36mActiveRecord::SchemaMigration Pluck (0.1ms)[0m  [1m[34mSELECT "schema_migrations"."version" FROM "schema_migrations" ORDER BY "schema_migrations"."version" ASC[0m
Processing by FilesController#index as HTML
Completed 401 Unauthorized in 10ms (ActiveRecord: 0.0ms | Allocations: 3461)


Started GET "/users/sign_in" for ::1 at 2025-01-13 14:00:36 +0530
Processing by Devise::SessionsController#new as HTML
  Rendering layout layouts/application.html.erb
  Rendering /Users/abhishek.sharma/.rbenv/versions/3.1.2/lib/ruby/gems/3.1.0/gems/devise-4.9.4/app/views/devise/sessions/new.html.erb within layouts/application
  Rendered /Users/abhishek.sharma/.rbenv/versions/3.1.2/lib/ruby/gems/3.1.0/gems/devise-4.9.4/app/views/devise/shared/_links.html.erb (Duration: 0.7ms | Allocations: 737)
  Rendered /Users/abhishek.sharma/.rbenv/versions/3.1.2/lib/ruby/gems/3.1.0/gems/devise-4.9.4/app/views/devise/sessions/new.html.erb within layouts/application (Duration: 10.0ms | Allocations: 4696)
  Rendered layout layouts/application.html.erb (Duration: 191.9ms | Allocations: 83700)
Completed 200 OK in 205ms (Views: 200.2ms | ActiveRecord: 0.2ms | Allocations: 93648)


Started POST "/users/sign_in" for ::1 at 2025-01-13 14:00:43 +0530
Processing by Devise::SessionsController#create as TURBO_STREAM
  Parameters: {"authenticity_token"=>"[FILTERED]", "user"=>{"email"=>"abhi1234@gmail.com", "password"=>"[FILTERED]", "remember_me"=>"0"}, "commit"=>"Log in"}
  [1m[36mUser Load (0.4ms)[0m  [1m[34mSELECT "users".* FROM "users" WHERE "users"."email" = ? ORDER BY "users"."id" ASC LIMIT ?[0m  [["email", "abhi1234@gmail.com"], ["LIMIT", 1]]
Completed 401 Unauthorized in 7ms (ActiveRecord: 0.4ms | Allocations: 3714)


Processing by Devise::SessionsController#new as TURBO_STREAM
  Parameters: {"authenticity_token"=>"[FILTERED]", "user"=>{"email"=>"abhi1234@gmail.com", "password"=>"[FILTERED]", "remember_me"=>"0"}, "commit"=>"Log in"}
  Rendering layout layouts/application.html.erb
  Rendering /Users/abhishek.sharma/.rbenv/versions/3.1.2/lib/ruby/gems/3.1.0/gems/devise-4.9.4/app/views/devise/sessions/new.html.erb within layouts/application
  Rendered /Users/abhishek.sharma/.rbenv/versions/3.1.2/lib/ruby/gems/3.1.0/gems/devise-4.9.4/app/views/devise/shared/_links.html.erb (Duration: 0.1ms | Allocations: 133)
  Rendered /Users/abhishek.sharma/.rbenv/versions/3.1.2/lib/ruby/gems/3.1.0/gems/devise-4.9.4/app/views/devise/sessions/new.html.erb within layouts/application (Duration: 0.9ms | Allocations: 1334)
  Rendered layout layouts/application.html.erb (Duration: 2.3ms | Allocations: 2796)
Completed 200 OK in 315ms (Views: 2.6ms | ActiveRecord: 0.0ms | Allocations: 4623)


Started GET "/users/sign_up" for ::1 at 2025-01-13 14:00:45 +0530
Processing by Devise::RegistrationsController#new as HTML
  Rendering layout layouts/application.html.erb
  Rendering /Users/abhishek.sharma/.rbenv/versions/3.1.2/lib/ruby/gems/3.1.0/gems/devise-4.9.4/app/views/devise/registrations/new.html.erb within layouts/application
  Rendered /Users/abhishek.sharma/.rbenv/versions/3.1.2/lib/ruby/gems/3.1.0/gems/devise-4.9.4/app/views/devise/shared/_error_messages.html.erb (Duration: 1.0ms | Allocations: 218)
  Rendered /Users/abhishek.sharma/.rbenv/versions/3.1.2/lib/ruby/gems/3.1.0/gems/devise-4.9.4/app/views/devise/shared/_links.html.erb (Duration: 0.4ms | Allocations: 150)
  Rendered /Users/abhishek.sharma/.rbenv/versions/3.1.2/lib/ruby/gems/3.1.0/gems/devise-4.9.4/app/views/devise/registrations/new.html.erb within layouts/application (Duration: 5.3ms | Allocations: 2203)
  Rendered layout layouts/application.html.erb (Duration: 8.1ms | Allocations: 3793)
Completed 200 OK in 13ms (Views: 10.8ms | ActiveRecord: 0.0ms | Allocations: 5110)


Started GET "/users/sign_in" for ::1 at 2025-01-13 14:00:54 +0530
Processing by Devise::SessionsController#new as HTML
  Rendering layout layouts/application.html.erb
  Rendering /Users/abhishek.sharma/.rbenv/versions/3.1.2/lib/ruby/gems/3.1.0/gems/devise-4.9.4/app/views/devise/sessions/new.html.erb within layouts/application
  Rendered /Users/abhishek.sharma/.rbenv/versions/3.1.2/lib/ruby/gems/3.1.0/gems/devise-4.9.4/app/views/devise/shared/_links.html.erb (Duration: 0.6ms | Allocations: 131)
  Rendered /Users/abhishek.sharma/.rbenv/versions/3.1.2/lib/ruby/gems/3.1.0/gems/devise-4.9.4/app/views/devise/sessions/new.html.erb within layouts/application (Duration: 3.1ms | Allocations: 1209)
  Rendered layout layouts/application.html.erb (Duration: 6.5ms | Allocations: 2578)
Completed 200 OK in 11ms (Views: 7.4ms | ActiveRecord: 0.0ms | Allocations: 3297)


Started POST "/users" for ::1 at 2025-01-13 14:00:55 +0530
Processing by Devise::RegistrationsController#create as TURBO_STREAM
  Parameters: {"authenticity_token"=>"[FILTERED]", "user"=>{"email"=>"abhisheksharmaab7979@gmail.com", "password"=>"[FILTERED]", "password_confirmation"=>"[FILTERED]"}, "commit"=>"Sign up"}
  [1m[36mTRANSACTION (0.1ms)[0m  [1m[36mbegin transaction[0m
  [1m[36mUser Exists? (0.1ms)[0m  [1m[34mSELECT 1 AS one FROM "users" WHERE "users"."email" = ? LIMIT ?[0m  [["email", "abhisheksharmaab7979@gmail.com"], ["LIMIT", 1]]
  [1m[36mUser Create (3.5ms)[0m  [1m[32mINSERT INTO "users" ("email", "encrypted_password", "reset_password_token", "reset_password_sent_at", "remember_created_at", "created_at", "updated_at") VALUES (?, ?, ?, ?, ?, ?, ?)[0m  [["email", "abhisheksharmaab7979@gmail.com"], ["encrypted_password", "[FILTERED]"], ["reset_password_token", "[FILTERED]"], ["reset_password_sent_at", "[FILTERED]"], ["remember_created_at", nil], ["created_at", "2025-01-13 08:30:55.432773"], ["updated_at", "2025-01-13 08:30:55.432773"]]
  [1m[36mTRANSACTION (0.5ms)[0m  [1m[36mcommit transaction[0m
Redirected to http://localhost:3000/
Completed 303 See Other in 289ms (ActiveRecord: 4.3ms | Allocations: 10854)


Started GET "/" for ::1 at 2025-01-13 14:00:55 +0530
Processing by FilesController#index as TURBO_STREAM
  [1m[36mUser Load (0.1ms)[0m  [1m[34mSELECT "users".* FROM "users" WHERE "users"."id" = ? ORDER BY "users"."id" ASC LIMIT ?[0m  [["id", 1], ["LIMIT", 1]]
Completed 500 Internal Server Error in 20ms (ActiveRecord: 0.1ms | Allocations: 7708)


  
ArgumentError (Unknown validator: 'BlobValidator'):
  
app/models/uploaded_file.rb:7:in `<class:UploadedFile>'
app/models/uploaded_file.rb:1:in `<main>'
app/controllers/files_controller.rb:6:in `index'
Started GET "/users/sign_up" for ::1 at 2025-01-13 14:02:11 +0530
  [1m[36mActiveRecord::SchemaMigration Pluck (0.1ms)[0m  [1m[34mSELECT "schema_migrations"."version" FROM "schema_migrations" ORDER BY "schema_migrations"."version" ASC[0m
Processing by Devise::RegistrationsController#new as HTML
  [1m[36mUser Load (0.2ms)[0m  [1m[34mSELECT "users".* FROM "users" WHERE "users"."id" = ? ORDER BY "users"."id" ASC LIMIT ?[0m  [["id", 1], ["LIMIT", 1]]
Redirected to http://localhost:3000/
Filter chain halted as :require_no_authentication rendered or redirected
Completed 302 Found in 14ms (ActiveRecord: 0.4ms | Allocations: 11370)


Started GET "/" for ::1 at 2025-01-13 14:02:11 +0530
Processing by FilesController#index as HTML
  [1m[36mUser Load (0.0ms)[0m  [1m[34mSELECT "users".* FROM "users" WHERE "users"."id" = ? ORDER BY "users"."id" ASC LIMIT ?[0m  [["id", 1], ["LIMIT", 1]]
Completed 500 Internal Server Error in 8ms (ActiveRecord: 0.0ms | Allocations: 6576)


  
ArgumentError (Unknown validator: 'BlobValidator'):
  
app/models/uploaded_file.rb:7:in `<class:UploadedFile>'
app/models/uploaded_file.rb:1:in `<main>'
app/controllers/files_controller.rb:6:in `index'
Started GET "/" for ::1 at 2025-01-13 14:02:53 +0530
  [1m[36mActiveRecord::SchemaMigration Pluck (0.0ms)[0m  [1m[34mSELECT "schema_migrations"."version" FROM "schema_migrations" ORDER BY "schema_migrations"."version" ASC[0m
Processing by FilesController#index as HTML
  [1m[36mUser Load (0.2ms)[0m  [1m[34mSELECT "users".* FROM "users" WHERE "users"."id" = ? ORDER BY "users"."id" ASC LIMIT ?[0m  [["id", 1], ["LIMIT", 1]]
  Rendering layout layouts/application.html.erb
  Rendering files/index.html.erb within layouts/application
  Rendered files/index.html.erb within layouts/application (Duration: 5.3ms | Allocations: 3307)
  Rendered layout layouts/application.html.erb (Duration: 5.3ms | Allocations: 3418)
Completed 500 Internal Server Error in 50ms (ActiveRecord: 0.5ms | Allocations: 22150)


  
ActionView::Template::Error (Could not find table 'uploaded_files'):
    12:     </tr>
    13:   </thead>
    14:   <tbody>
    15:     <% @files.each do |file| %>
    16:       <tr>
    17:         <td><%= file.title %></td>
    18:         <td><%= file.description %></td>
  
app/views/files/index.html.erb:15
  [1m[36mActiveRecord::SchemaMigration Pluck (0.0ms)[0m  [1m[34mSELECT "schema_migrations"."version" FROM "schema_migrations" ORDER BY "schema_migrations"."version" ASC[0m
  [1m[36mActiveRecord::InternalMetadata Load (0.2ms)[0m  [1m[34mSELECT "ar_internal_metadata".* FROM "ar_internal_metadata" WHERE "ar_internal_metadata"."key" = ? LIMIT ?[0m  [["key", "environment"], ["LIMIT", 1]]
  [1m[36mActiveRecord::SchemaMigration Pluck (0.0ms)[0m  [1m[34mSELECT "schema_migrations"."version" FROM "schema_migrations" ORDER BY "schema_migrations"."version" ASC[0m
  [1m[36mActiveRecord::SchemaMigration Pluck (0.1ms)[0m  [1m[34mSELECT "schema_migrations"."version" FROM "schema_migrations" ORDER BY "schema_migrations"."version" ASC[0m
  [1m[36mActiveRecord::InternalMetadata Load (0.1ms)[0m  [1m[34mSELECT "ar_internal_metadata".* FROM "ar_internal_metadata" WHERE "ar_internal_metadata"."key" = ? LIMIT ?[0m  [["key", "environment"], ["LIMIT", 1]]
  [1m[36mActiveRecord::SchemaMigration Pluck (0.0ms)[0m  [1m[34mSELECT "schema_migrations"."version" FROM "schema_migrations" ORDER BY "schema_migrations"."version" ASC[0m
  [1m[36mActiveRecord::SchemaMigration Pluck (0.1ms)[0m  [1m[34mSELECT "schema_migrations"."version" FROM "schema_migrations" ORDER BY "schema_migrations"."version" ASC[0m
Migrating to CreateUploadedFiles (20250113083552)
  [1m[36mTRANSACTION (0.0ms)[0m  [1m[36mbegin transaction[0m
  [1m[35m (0.5ms)[0m  [1m[35mCREATE TABLE "uploaded_files" ("id" integer PRIMARY KEY AUTOINCREMENT NOT NULL, "title" varchar, "description" text, "content_type" varchar, "share_token" varchar, "user_id" integer NOT NULL, "created_at" datetime(6) NOT NULL, "updated_at" datetime(6) NOT NULL, CONSTRAINT "fk_rails_ece9dfb06e"
FOREIGN KEY ("user_id")
  REFERENCES "users" ("id")
)[0m
  [1m[35m (0.1ms)[0m  [1m[35mCREATE INDEX "index_uploaded_files_on_user_id" ON "uploaded_files" ("user_id")[0m
  [1m[35m (0.0ms)[0m  [1m[35mCREATE UNIQUE INDEX "index_uploaded_files_on_share_token" ON "uploaded_files" ("share_token")[0m
  [1m[36mActiveRecord::SchemaMigration Create (0.1ms)[0m  [1m[32mINSERT INTO "schema_migrations" ("version") VALUES (?)[0m  [["version", "20250113083552"]]
  [1m[36mTRANSACTION (0.7ms)[0m  [1m[36mcommit transaction[0m
  [1m[36mActiveRecord::InternalMetadata Load (0.2ms)[0m  [1m[34mSELECT "ar_internal_metadata".* FROM "ar_internal_metadata" WHERE "ar_internal_metadata"."key" = ? LIMIT ?[0m  [["key", "environment"], ["LIMIT", 1]]
  [1m[36mActiveRecord::SchemaMigration Pluck (0.0ms)[0m  [1m[34mSELECT "schema_migrations"."version" FROM "schema_migrations" ORDER BY "schema_migrations"."version" ASC[0m
Started GET "/" for ::1 at 2025-01-13 14:06:27 +0530
  [1m[36mActiveRecord::SchemaMigration Pluck (0.0ms)[0m  [1m[34mSELECT "schema_migrations"."version" FROM "schema_migrations" ORDER BY "schema_migrations"."version" ASC[0m
Processing by FilesController#index as HTML
  [1m[36mUser Load (0.2ms)[0m  [1m[34mSELECT "users".* FROM "users" WHERE "users"."id" = ? ORDER BY "users"."id" ASC LIMIT ?[0m  [["id", 1], ["LIMIT", 1]]
  Rendering layout layouts/application.html.erb
  Rendering files/index.html.erb within layouts/application
  [1m[36mUploadedFile Load (0.0ms)[0m  [1m[34mSELECT "uploaded_files".* FROM "uploaded_files" WHERE "uploaded_files"."user_id" = ?[0m  [["user_id", 1]]
  ↳ app/views/files/index.html.erb:15
  Rendered files/index.html.erb within layouts/application (Duration: 3.4ms | Allocations: 3321)
  Rendered layout layouts/application.html.erb (Duration: 30.4ms | Allocations: 36285)
Completed 200 OK in 60ms (Views: 32.3ms | ActiveRecord: 0.5ms | Allocations: 54998)


Started GET "/files/new" for ::1 at 2025-01-13 14:06:32 +0530
Processing by FilesController#new as HTML
  [1m[36mUser Load (0.2ms)[0m  [1m[34mSELECT "users".* FROM "users" WHERE "users"."id" = ? ORDER BY "users"."id" ASC LIMIT ?[0m  [["id", 1], ["LIMIT", 1]]
  Rendering layout layouts/application.html.erb
  Rendering files/new.html.erb within layouts/application
  Rendered files/new.html.erb within layouts/application (Duration: 2.8ms | Allocations: 1626)
  Rendered layout layouts/application.html.erb (Duration: 2.9ms | Allocations: 1725)
Completed 500 Internal Server Error in 23ms (ActiveRecord: 0.5ms | Allocations: 8808)


  
ActionView::SyntaxErrorInTemplate (Encountered a syntax error while rendering template: check <h1>Upload New File</h1>

<%= form_with(model: @file, local: true) do |f| %>
  <% if @file.errors.any? %>
    <div style="color: red">
      <h2><%= pluralize(@file.errors.count, "error") %> prohibited this file from being saved:</h2>
      <ul>
        <% @file.errors.each do |error| %>
          <li><%= error.full_message %></li>
        <% end %>
      </ul>
    </div>
  <% end %>

  <div>
    <%= f.label :title %>
    <%= f.text_field :title %>
  </div>

  <div>
    <%= f.label :description %>
    <%= f.text_area :description %>
  </div>

  <div>
    <%= f.label :file %>
    <%= f.file_field :file %>
  </div>

  <%= f.submit 'Upload' %>
  <%= link_to 'Back', files_path %>
</div>
):
1:    <h1>Upload New File</h1>
2:    
3:    <%= form_with(model: @file, local: true) do |f| %>
4:      <% if @file.errors.any? %>
5:        <div style="color: red">
6:          <h2><%= pluralize(@file.errors.count, "error") %> prohibited this file from being saved:</h2>
7:          <ul>
8:            <% @file.errors.each do |error| %>
9:              <li><%= error.full_message %></li>
10:            <% end %>
11:          </ul>
12:        </div>
13:      <% end %>
14:    
15:      <div>
16:        <%= f.label :title %>
17:        <%= f.text_field :title %>
18:      </div>
19:    
20:      <div>
21:        <%= f.label :description %>
22:        <%= f.text_area :description %>
23:      </div>
24:    
25:      <div>
26:        <%= f.label :file %>
27:        <%= f.file_field :file %>
28:      </div>
29:    
30:      <%= f.submit 'Upload' %>
31:      <%= link_to 'Back', files_path %>
32:    </div>
  
app/views/files/new.html.erb:34: syntax error, unexpected end-of-input, expecting `end'
app/views/files/new.html.erb:34: syntax error, unexpected end-of-input, expecting `end'
app/views/files/new.html.erb:34: syntax error, unexpected end-of-input, expecting `end'
app/views/files/new.html.erb:34: syntax error, unexpected end-of-input, expecting `end'
Started GET "/files/new" for ::1 at 2025-01-13 14:07:12 +0530
  [1m[36mActiveRecord::SchemaMigration Pluck (0.0ms)[0m  [1m[34mSELECT "schema_migrations"."version" FROM "schema_migrations" ORDER BY "schema_migrations"."version" ASC[0m
Processing by FilesController#new as HTML
  [1m[36mUser Load (0.2ms)[0m  [1m[34mSELECT "users".* FROM "users" WHERE "users"."id" = ? ORDER BY "users"."id" ASC LIMIT ?[0m  [["id", 1], ["LIMIT", 1]]
  Rendering layout layouts/application.html.erb
  Rendering files/new.html.erb within layouts/application
  Rendered files/new.html.erb within layouts/application (Duration: 10.8ms | Allocations: 5953)
  Rendered layout layouts/application.html.erb (Duration: 10.9ms | Allocations: 6064)
Completed 500 Internal Server Error in 41ms (ActiveRecord: 0.5ms | Allocations: 30390)


  
ActionView::Template::Error (undefined method `uploaded_files_path' for #<ActionView::Base:0x0000000000d390>

              recipient.public_send(method, *args, options)
                       ^^^^^^^^^^^^):
    1: <h1>Upload New File</h1>
    2: 
    3: <%= form_with(model: @file, local: true) do |f| %>
    4:   <% if @file.errors.any? %>
    5:     <div style="color: red">
    6:       <h2><%= pluralize(@file.errors.count, "error") %> prohibited this file from being saved:</h2>
  
app/views/files/new.html.erb:3
Started GET "/files/new" for ::1 at 2025-01-13 14:08:04 +0530
Processing by FilesController#new as HTML
  [1m[36mUser Load (0.3ms)[0m  [1m[34mSELECT "users".* FROM "users" WHERE "users"."id" = ? ORDER BY "users"."id" ASC LIMIT ?[0m  [["id", 1], ["LIMIT", 1]]
  Rendering layout layouts/application.html.erb
  Rendering files/new.html.erb within layouts/application
  Rendered files/new.html.erb within layouts/application (Duration: 12.7ms | Allocations: 5675)
  Rendered layout layouts/application.html.erb (Duration: 13.0ms | Allocations: 5774)
Completed 500 Internal Server Error in 23ms (ActiveRecord: 1.0ms | Allocations: 17246)


  
ActionView::Template::Error (undefined method `files_uploaded_files_path' for #<ActionView::Base:0x000000000126d8>

              recipient.public_send(method, *args, options)
                       ^^^^^^^^^^^^):
    1: <h1>Upload New File</h1>
    2: 
    3: <%= form_with(model: [:files, @file], local: true) do |f| %>
    4:   <% if @file.errors.any? %>
    5:     <div style="color: red">
    6:       <h2><%= pluralize(@file.errors.count, "error") %> prohibited this file from being saved:</h2>
  
app/views/files/new.html.erb:3
Started GET "/files/new" for ::1 at 2025-01-13 14:08:13 +0530
  [1m[36mActiveRecord::SchemaMigration Pluck (0.1ms)[0m  [1m[34mSELECT "schema_migrations"."version" FROM "schema_migrations" ORDER BY "schema_migrations"."version" ASC[0m
Processing by FilesController#new as HTML
  [1m[36mUser Load (0.2ms)[0m  [1m[34mSELECT "users".* FROM "users" WHERE "users"."id" = ? ORDER BY "users"."id" ASC LIMIT ?[0m  [["id", 1], ["LIMIT", 1]]
  Rendering layout layouts/application.html.erb
  Rendering files/new.html.erb within layouts/application
  Rendered files/new.html.erb within layouts/application (Duration: 13.2ms | Allocations: 6278)
  Rendered layout layouts/application.html.erb (Duration: 13.4ms | Allocations: 6389)
Completed 500 Internal Server Error in 44ms (ActiveRecord: 0.5ms | Allocations: 30714)


  
ActionView::Template::Error (undefined method `files_uploaded_files_path' for #<ActionView::Base:0x0000000000d390>

              recipient.public_send(method, *args, options)
                       ^^^^^^^^^^^^):
    1: <h1>Upload New File</h1>
    2: 
    3: <%= form_with(model: [:files, @file], local: true) do |f| %>
    4:   <% if @file.errors.any? %>
    5:     <div style="color: red">
    6:       <h2><%= pluralize(@file.errors.count, "error") %> prohibited this file from being saved:</h2>
  
app/views/files/new.html.erb:3
Started GET "/files/new" for ::1 at 2025-01-13 14:09:03 +0530
Processing by FilesController#new as HTML
  [1m[36mUser Load (0.3ms)[0m  [1m[34mSELECT "users".* FROM "users" WHERE "users"."id" = ? ORDER BY "users"."id" ASC LIMIT ?[0m  [["id", 1], ["LIMIT", 1]]
  Rendering layout layouts/application.html.erb
  Rendering files/new.html.erb within layouts/application
  Rendered files/new.html.erb within layouts/application (Duration: 11.3ms | Allocations: 2966)
  Rendered layout layouts/application.html.erb (Duration: 44.9ms | Allocations: 35913)
Completed 200 OK in 57ms (Views: 48.3ms | ActiveRecord: 0.7ms | Allocations: 47449)


Started GET "/files" for ::1 at 2025-01-13 14:09:23 +0530
Processing by FilesController#index as HTML
  [1m[36mUser Load (0.2ms)[0m  [1m[34mSELECT "users".* FROM "users" WHERE "users"."id" = ? ORDER BY "users"."id" ASC LIMIT ?[0m  [["id", 1], ["LIMIT", 1]]
  Rendering layout layouts/application.html.erb
  Rendering files/index.html.erb within layouts/application
  [1m[36mUploadedFile Load (0.4ms)[0m  [1m[34mSELECT "uploaded_files".* FROM "uploaded_files" WHERE "uploaded_files"."user_id" = ?[0m  [["user_id", 1]]
  ↳ app/views/files/index.html.erb:15
  Rendered files/index.html.erb within layouts/application (Duration: 4.1ms | Allocations: 2002)
  Rendered layout layouts/application.html.erb (Duration: 7.4ms | Allocations: 3571)
Completed 200 OK in 11ms (Views: 7.5ms | ActiveRecord: 0.5ms | Allocations: 5488)


Started POST "/files" for ::1 at 2025-01-13 14:09:24 +0530
Processing by FilesController#create as TURBO_STREAM
  Parameters: {"authenticity_token"=>"[FILTERED]", "uploaded_file"=>{"title"=>"Sample1", "description"=>"Testing Application", "file"=>#<ActionDispatch::Http::UploadedFile:0x000000010fdff128 @tempfile=#<Tempfile:/var/folders/bb/fdrz1_dd4sd683jrwf41cdk00000gn/T/RackMultipart20250113-16410-ptjd9w.pdf>, @content_type="application/pdf", @original_filename="Resume.pdf", @headers="Content-Disposition: form-data; name=\"uploaded_file[file]\"; filename=\"Resume.pdf\"\r\nContent-Type: application/pdf\r\n">}, "commit"=>"Upload"}
  [1m[36mUser Load (0.1ms)[0m  [1m[34mSELECT "users".* FROM "users" WHERE "users"."id" = ? ORDER BY "users"."id" ASC LIMIT ?[0m  [["id", 1], ["LIMIT", 1]]
  [1m[36mTRANSACTION (0.0ms)[0m  [1m[36mbegin transaction[0m
  ↳ app/controllers/files_controller.rb:16:in `create'
  [1m[36mUploadedFile Create (0.6ms)[0m  [1m[32mINSERT INTO "uploaded_files" ("title", "description", "content_type", "share_token", "user_id", "created_at", "updated_at") VALUES (?, ?, ?, ?, ?, ?, ?)[0m  [["title", "Sample1"], ["description", "Testing Application"], ["content_type", "application/pdf"], ["share_token", "[FILTERED]"], ["user_id", 1], ["created_at", "2025-01-13 08:39:24.264284"], ["updated_at", "2025-01-13 08:39:24.264284"]]
  ↳ app/controllers/files_controller.rb:16:in `create'
[ActiveJob] Enqueued CompressFileJob (Job ID: c0b57d63-87d6-43a3-89c2-d4ab68171248) to Async(default) with arguments: #<GlobalID:0x000000010ffb5260 @uri=#<URI::GID gid://secure-file-sharing/UploadedFile/1>>
  [1m[36mActiveStorage::Attachment Load (0.2ms)[0m  [1m[34mSELECT "active_storage_attachments".* FROM "active_storage_attachments" WHERE "active_storage_attachments"."record_id" = ? AND "active_storage_attachments"."record_type" = ? AND "active_storage_attachments"."name" = ? LIMIT ?[0m  [["record_id", 1], ["record_type", "UploadedFile"], ["name", "file"], ["LIMIT", 1]]
  ↳ app/controllers/files_controller.rb:16:in `create'
  [1m[36mActiveStorage::Blob Create (0.2ms)[0m  [1m[32mINSERT INTO "active_storage_blobs" ("key", "filename", "content_type", "metadata", "service_name", "byte_size", "checksum", "created_at") VALUES (?, ?, ?, ?, ?, ?, ?, ?)[0m  [["key", "me8j997ka53t16yi69e2o6xtj0gp"], ["filename", "Resume.pdf"], ["content_type", "application/pdf"], ["metadata", "{\"identified\":true}"], ["service_name", "local"], ["byte_size", 746661], ["checksum", "SRBwaA5d6IuTNYZfAx6Ljw=="], ["created_at", "2025-01-13 08:39:24.270314"]]
  ↳ app/controllers/files_controller.rb:16:in `create'
  [1m[36mActiveStorage::Attachment Create (0.1ms)[0m  [1m[32mINSERT INTO "active_storage_attachments" ("name", "record_type", "record_id", "blob_id", "created_at") VALUES (?, ?, ?, ?, ?)[0m  [["name", "file"], ["record_type", "UploadedFile"], ["record_id", 1], ["blob_id", 1], ["created_at", "2025-01-13 08:39:24.271285"]]
  ↳ app/controllers/files_controller.rb:16:in `create'
  [1m[36mUploadedFile Update (0.0ms)[0m  [1m[33mUPDATE "uploaded_files" SET "updated_at" = ? WHERE "uploaded_files"."id" = ?[0m  [["updated_at", "2025-01-13 08:39:24.271878"], ["id", 1]]
  ↳ app/controllers/files_controller.rb:16:in `create'
  [1m[36mTRANSACTION (0.5ms)[0m  [1m[36mcommit transaction[0m
  ↳ app/controllers/files_controller.rb:16:in `create'
[36m  Disk Storage (4.3ms) [0m[32mUploaded file to key: me8j997ka53t16yi69e2o6xtj0gp (checksum: SRBwaA5d6IuTNYZfAx6Ljw==)[0m
  [1m[36mTRANSACTION (0.0ms)[0m  [1m[36mbegin transaction[0m
  ↳ app/controllers/files_controller.rb:16:in `create'
  [1m[36mActiveStorage::Blob Update (0.3ms)[0m  [1m[33mUPDATE "active_storage_blobs" SET "metadata" = ? WHERE "active_storage_blobs"."id" = ?[0m  [["metadata", "{\"identified\":true,\"analyzed\":true}"], ["id", 1]]
  ↳ app/controllers/files_controller.rb:16:in `create'
  [1m[36mTRANSACTION (0.5ms)[0m  [1m[36mcommit transaction[0m
  ↳ app/controllers/files_controller.rb:16:in `create'
Redirected to http://localhost:3000/files
Completed 302 Found in 70ms (ActiveRecord: 2.9ms | Allocations: 35905)


[ActiveJob] [CompressFileJob] [c0b57d63-87d6-43a3-89c2-d4ab68171248]   [1m[36mUploadedFile Load (0.1ms)[0m  [1m[34mSELECT "uploaded_files".* FROM "uploaded_files" WHERE "uploaded_files"."id" = ? LIMIT ?[0m  [["id", 1], ["LIMIT", 1]]
[ActiveJob] [CompressFileJob] [c0b57d63-87d6-43a3-89c2-d4ab68171248] Performing CompressFileJob (Job ID: c0b57d63-87d6-43a3-89c2-d4ab68171248) from Async(default) enqueued at 2025-01-13T08:39:24Z with arguments: #<GlobalID:0x0000000118104cf8 @uri=#<URI::GID gid://secure-file-sharing/UploadedFile/1>>
[ActiveJob] [CompressFileJob] [c0b57d63-87d6-43a3-89c2-d4ab68171248]   [1m[36mActiveStorage::Attachment Load (0.0ms)[0m  [1m[34mSELECT "active_storage_attachments".* FROM "active_storage_attachments" WHERE "active_storage_attachments"."record_id" = ? AND "active_storage_attachments"."record_type" = ? AND "active_storage_attachments"."name" = ? LIMIT ?[0m  [["record_id", 1], ["record_type", "UploadedFile"], ["name", "file"], ["LIMIT", 1]]
[ActiveJob] [CompressFileJob] [c0b57d63-87d6-43a3-89c2-d4ab68171248]   ↳ app/jobs/compress_file_job.rb:10:in `perform'
[ActiveJob] [CompressFileJob] [c0b57d63-87d6-43a3-89c2-d4ab68171248]   [1m[36mActiveStorage::Blob Load (0.0ms)[0m  [1m[34mSELECT "active_storage_blobs".* FROM "active_storage_blobs" WHERE "active_storage_blobs"."id" = ? LIMIT ?[0m  [["id", 1], ["LIMIT", 1]]
[ActiveJob] [CompressFileJob] [c0b57d63-87d6-43a3-89c2-d4ab68171248]   ↳ app/jobs/compress_file_job.rb:59:in `downloaded_tempfile'
[ActiveJob] [CompressFileJob] [c0b57d63-87d6-43a3-89c2-d4ab68171248] [36m  Disk Storage (0.1ms) [0m[34mDownloaded file from key: me8j997ka53t16yi69e2o6xtj0gp[0m
Started GET "/files" for ::1 at 2025-01-13 14:09:24 +0530
Processing by FilesController#index as TURBO_STREAM
  [1m[36mUser Load (0.0ms)[0m  [1m[34mSELECT "users".* FROM "users" WHERE "users"."id" = ? ORDER BY "users"."id" ASC LIMIT ?[0m  [["id", 1], ["LIMIT", 1]]
  Rendering layout layouts/application.html.erb
  Rendering files/index.html.erb within layouts/application
  [1m[36mUploadedFile Load (0.3ms)[0m  [1m[34mSELECT "uploaded_files".* FROM "uploaded_files" WHERE "uploaded_files"."user_id" = ?[0m  [["user_id", 1]]
  ↳ app/views/files/index.html.erb:15
  Rendered files/index.html.erb within layouts/application (Duration: 1.3ms | Allocations: 1239)
  Rendered layout layouts/application.html.erb (Duration: 2.5ms | Allocations: 2932)
Completed 200 OK in 5ms (Views: 2.5ms | ActiveRecord: 0.5ms | Allocations: 4899)


[ActiveJob] [CompressFileJob] [c0b57d63-87d6-43a3-89c2-d4ab68171248]   [1m[36mTRANSACTION (0.1ms)[0m  [1m[36mbegin transaction[0m
[ActiveJob] [CompressFileJob] [c0b57d63-87d6-43a3-89c2-d4ab68171248]   ↳ app/jobs/compress_file_job.rb:46:in `compress_pdf'
[ActiveJob] [CompressFileJob] [c0b57d63-87d6-43a3-89c2-d4ab68171248]   [1m[36mUser Load (0.1ms)[0m  [1m[34mSELECT "users".* FROM "users" WHERE "users"."id" = ? LIMIT ?[0m  [["id", 1], ["LIMIT", 1]]
[ActiveJob] [CompressFileJob] [c0b57d63-87d6-43a3-89c2-d4ab68171248]   ↳ app/jobs/compress_file_job.rb:46:in `compress_pdf'
[ActiveJob] [CompressFileJob] [c0b57d63-87d6-43a3-89c2-d4ab68171248]   [1m[36mActiveStorage::Blob Load (0.1ms)[0m  [1m[34mSELECT "active_storage_blobs".* FROM "active_storage_blobs" INNER JOIN "active_storage_attachments" ON "active_storage_blobs"."id" = "active_storage_attachments"."blob_id" WHERE "active_storage_attachments"."record_id" = ? AND "active_storage_attachments"."record_type" = ? AND "active_storage_attachments"."name" = ? LIMIT ?[0m  [["record_id", 1], ["record_type", "UploadedFile"], ["name", "file"], ["LIMIT", 1]]
[ActiveJob] [CompressFileJob] [c0b57d63-87d6-43a3-89c2-d4ab68171248]   ↳ app/jobs/compress_file_job.rb:46:in `compress_pdf'
[ActiveJob] [CompressFileJob] [c0b57d63-87d6-43a3-89c2-d4ab68171248]   [1m[36mActiveStorage::Attachment Destroy (0.4ms)[0m  [1m[31mDELETE FROM "active_storage_attachments" WHERE "active_storage_attachments"."id" = ?[0m  [["id", 1]]
[ActiveJob] [CompressFileJob] [c0b57d63-87d6-43a3-89c2-d4ab68171248]   ↳ app/jobs/compress_file_job.rb:46:in `compress_pdf'
[ActiveJob] [CompressFileJob] [c0b57d63-87d6-43a3-89c2-d4ab68171248]   [1m[36mActiveStorage::Blob Create (0.1ms)[0m  [1m[32mINSERT INTO "active_storage_blobs" ("key", "filename", "content_type", "metadata", "service_name", "byte_size", "checksum", "created_at") VALUES (?, ?, ?, ?, ?, ?, ?, ?)[0m  [["key", "w6p1mc853zgwdg09lml2k2venzh2"], ["filename", "Resume.pdf"], ["content_type", "application/pdf"], ["metadata", "{\"identified\":true}"], ["service_name", "local"], ["byte_size", 327462], ["checksum", "ur/JhzwwHTWQggAJjfAJfA=="], ["created_at", "2025-01-13 08:39:26.594035"]]
[ActiveJob] [CompressFileJob] [c0b57d63-87d6-43a3-89c2-d4ab68171248]   ↳ app/jobs/compress_file_job.rb:46:in `compress_pdf'
[ActiveJob] [CompressFileJob] [c0b57d63-87d6-43a3-89c2-d4ab68171248]   [1m[36mActiveStorage::Attachment Create (0.0ms)[0m  [1m[32mINSERT INTO "active_storage_attachments" ("name", "record_type", "record_id", "blob_id", "created_at") VALUES (?, ?, ?, ?, ?)[0m  [["name", "file"], ["record_type", "UploadedFile"], ["record_id", 1], ["blob_id", 2], ["created_at", "2025-01-13 08:39:26.594668"]]
[ActiveJob] [CompressFileJob] [c0b57d63-87d6-43a3-89c2-d4ab68171248]   ↳ app/jobs/compress_file_job.rb:46:in `compress_pdf'
[ActiveJob] [CompressFileJob] [c0b57d63-87d6-43a3-89c2-d4ab68171248]   [1m[36mUploadedFile Update (0.0ms)[0m  [1m[33mUPDATE "uploaded_files" SET "updated_at" = ? WHERE "uploaded_files"."id" = ?[0m  [["updated_at", "2025-01-13 08:39:26.595175"], ["id", 1]]
[ActiveJob] [CompressFileJob] [c0b57d63-87d6-43a3-89c2-d4ab68171248]   ↳ app/jobs/compress_file_job.rb:46:in `compress_pdf'
[ActiveJob] [CompressFileJob] [c0b57d63-87d6-43a3-89c2-d4ab68171248]   [1m[36mTRANSACTION (0.5ms)[0m  [1m[36mcommit transaction[0m
[ActiveJob] [CompressFileJob] [c0b57d63-87d6-43a3-89c2-d4ab68171248]   ↳ app/jobs/compress_file_job.rb:46:in `compress_pdf'
[ActiveJob] [CompressFileJob] [c0b57d63-87d6-43a3-89c2-d4ab68171248] [36m  Disk Storage (1.6ms) [0m[32mUploaded file to key: w6p1mc853zgwdg09lml2k2venzh2 (checksum: ur/JhzwwHTWQggAJjfAJfA==)[0m
[ActiveJob] [CompressFileJob] [c0b57d63-87d6-43a3-89c2-d4ab68171248] Enqueued ActiveStorage::PurgeJob (Job ID: f0183c77-19a2-4df8-b692-3b9c67c180cc) to Async(default) with arguments: #<GlobalID:0x000000010b756b68 @uri=#<URI::GID gid://secure-file-sharing/ActiveStorage::Blob/1>>
[ActiveJob] [CompressFileJob] [c0b57d63-87d6-43a3-89c2-d4ab68171248]   [1m[36mTRANSACTION (0.0ms)[0m  [1m[36mbegin transaction[0m
[ActiveJob] [CompressFileJob] [c0b57d63-87d6-43a3-89c2-d4ab68171248]   ↳ app/jobs/compress_file_job.rb:46:in `compress_pdf'
[ActiveJob] [CompressFileJob] [c0b57d63-87d6-43a3-89c2-d4ab68171248]   [1m[36mActiveStorage::Blob Update (0.3ms)[0m  [1m[33mUPDATE "active_storage_blobs" SET "metadata" = ? WHERE "active_storage_blobs"."id" = ?[0m  [["metadata", "{\"identified\":true,\"analyzed\":true}"], ["id", 2]]
[ActiveJob] [CompressFileJob] [c0b57d63-87d6-43a3-89c2-d4ab68171248]   ↳ app/jobs/compress_file_job.rb:46:in `compress_pdf'
[ActiveJob] [CompressFileJob] [c0b57d63-87d6-43a3-89c2-d4ab68171248]   [1m[36mTRANSACTION (0.4ms)[0m  [1m[36mcommit transaction[0m
[ActiveJob] [CompressFileJob] [c0b57d63-87d6-43a3-89c2-d4ab68171248]   ↳ app/jobs/compress_file_job.rb:46:in `compress_pdf'
[ActiveJob] [CompressFileJob] [c0b57d63-87d6-43a3-89c2-d4ab68171248] Performed CompressFileJob (Job ID: c0b57d63-87d6-43a3-89c2-d4ab68171248) from Async(default) in 2322.03ms
[ActiveJob] [ActiveStorage::PurgeJob] [f0183c77-19a2-4df8-b692-3b9c67c180cc]   [1m[36mActiveStorage::Blob Load (0.1ms)[0m  [1m[34mSELECT "active_storage_blobs".* FROM "active_storage_blobs" WHERE "active_storage_blobs"."id" = ? LIMIT ?[0m  [["id", 1], ["LIMIT", 1]]
[ActiveJob] [ActiveStorage::PurgeJob] [f0183c77-19a2-4df8-b692-3b9c67c180cc] Performing ActiveStorage::PurgeJob (Job ID: f0183c77-19a2-4df8-b692-3b9c67c180cc) from Async(default) enqueued at 2025-01-13T08:39:26Z with arguments: #<GlobalID:0x000000010ccb45a0 @uri=#<URI::GID gid://secure-file-sharing/ActiveStorage::Blob/1>>
[ActiveJob] [ActiveStorage::PurgeJob] [f0183c77-19a2-4df8-b692-3b9c67c180cc]   [1m[36mTRANSACTION (0.0ms)[0m  [1m[36mbegin transaction[0m
[ActiveJob] [ActiveStorage::PurgeJob] [f0183c77-19a2-4df8-b692-3b9c67c180cc]   [1m[36mActiveStorage::Attachment Exists? (0.1ms)[0m  [1m[34mSELECT 1 AS one FROM "active_storage_attachments" WHERE "active_storage_attachments"."blob_id" = ? LIMIT ?[0m  [["blob_id", 1], ["LIMIT", 1]]
[ActiveJob] [ActiveStorage::PurgeJob] [f0183c77-19a2-4df8-b692-3b9c67c180cc]   [1m[36mActiveStorage::VariantRecord Load (0.0ms)[0m  [1m[34mSELECT "active_storage_variant_records".* FROM "active_storage_variant_records" WHERE "active_storage_variant_records"."blob_id" = ?[0m  [["blob_id", 1]]
[ActiveJob] [ActiveStorage::PurgeJob] [f0183c77-19a2-4df8-b692-3b9c67c180cc]   [1m[36mActiveStorage::Attachment Load (0.0ms)[0m  [1m[34mSELECT "active_storage_attachments".* FROM "active_storage_attachments" WHERE "active_storage_attachments"."record_id" = ? AND "active_storage_attachments"."record_type" = ? AND "active_storage_attachments"."name" = ? LIMIT ?[0m  [["record_id", 1], ["record_type", "ActiveStorage::Blob"], ["name", "preview_image"], ["LIMIT", 1]]
[ActiveJob] [ActiveStorage::PurgeJob] [f0183c77-19a2-4df8-b692-3b9c67c180cc]   [1m[36mActiveStorage::Blob Destroy (0.2ms)[0m  [1m[31mDELETE FROM "active_storage_blobs" WHERE "active_storage_blobs"."id" = ?[0m  [["id", 1]]
[ActiveJob] [ActiveStorage::PurgeJob] [f0183c77-19a2-4df8-b692-3b9c67c180cc]   [1m[36mTRANSACTION (0.4ms)[0m  [1m[36mcommit transaction[0m
[ActiveJob] [ActiveStorage::PurgeJob] [f0183c77-19a2-4df8-b692-3b9c67c180cc] [36m  Disk Storage (0.2ms) [0m[31mDeleted file from key: me8j997ka53t16yi69e2o6xtj0gp[0m
[ActiveJob] [ActiveStorage::PurgeJob] [f0183c77-19a2-4df8-b692-3b9c67c180cc] Performed ActiveStorage::PurgeJob (Job ID: f0183c77-19a2-4df8-b692-3b9c67c180cc) from Async(default) in 8.41ms
Started GET "/files/new" for ::1 at 2025-01-13 14:09:31 +0530
Processing by FilesController#new as HTML
  [1m[36mUser Load (0.3ms)[0m  [1m[34mSELECT "users".* FROM "users" WHERE "users"."id" = ? ORDER BY "users"."id" ASC LIMIT ?[0m  [["id", 1], ["LIMIT", 1]]
  Rendering layout layouts/application.html.erb
  Rendering files/new.html.erb within layouts/application
  Rendered files/new.html.erb within layouts/application (Duration: 3.0ms | Allocations: 1047)
  Rendered layout layouts/application.html.erb (Duration: 6.6ms | Allocations: 2737)
Completed 200 OK in 14ms (Views: 7.5ms | ActiveRecord: 0.3ms | Allocations: 4628)


Started GET "/files/1" for ::1 at 2025-01-13 14:09:33 +0530
  
AbstractController::ActionNotFound (The action 'show' could not be found for FilesController):
  
actionpack (7.0.8.7) lib/abstract_controller/base.rb:146:in `process'
actionview (7.0.8.7) lib/action_view/rendering.rb:39:in `process'
actionpack (7.0.8.7) lib/action_controller/metal.rb:188:in `dispatch'
actionpack (7.0.8.7) lib/action_controller/metal.rb:251:in `dispatch'
actionpack (7.0.8.7) lib/action_dispatch/routing/route_set.rb:49:in `dispatch'
actionpack (7.0.8.7) lib/action_dispatch/routing/route_set.rb:32:in `serve'
actionpack (7.0.8.7) lib/action_dispatch/journey/router.rb:50:in `block in serve'
actionpack (7.0.8.7) lib/action_dispatch/journey/router.rb:32:in `each'
actionpack (7.0.8.7) lib/action_dispatch/journey/router.rb:32:in `serve'
actionpack (7.0.8.7) lib/action_dispatch/routing/route_set.rb:852:in `call'
warden (1.2.9) lib/warden/manager.rb:36:in `block in call'
warden (1.2.9) lib/warden/manager.rb:34:in `catch'
warden (1.2.9) lib/warden/manager.rb:34:in `call'
rack (2.2.10) lib/rack/tempfile_reaper.rb:15:in `call'
rack (2.2.10) lib/rack/etag.rb:27:in `call'
rack (2.2.10) lib/rack/conditional_get.rb:27:in `call'
rack (2.2.10) lib/rack/head.rb:12:in `call'
actionpack (7.0.8.7) lib/action_dispatch/http/permissions_policy.rb:38:in `call'
actionpack (7.0.8.7) lib/action_dispatch/http/content_security_policy.rb:39:in `call'
rack (2.2.10) lib/rack/session/abstract/id.rb:266:in `context'
rack (2.2.10) lib/rack/session/abstract/id.rb:260:in `call'
actionpack (7.0.8.7) lib/action_dispatch/middleware/cookies.rb:704:in `call'
activerecord (7.0.8.7) lib/active_record/migration.rb:638:in `call'
actionpack (7.0.8.7) lib/action_dispatch/middleware/callbacks.rb:27:in `block in call'
activesupport (7.0.8.7) lib/active_support/callbacks.rb:99:in `run_callbacks'
actionpack (7.0.8.7) lib/action_dispatch/middleware/callbacks.rb:26:in `call'
actionpack (7.0.8.7) lib/action_dispatch/middleware/executor.rb:14:in `call'
actionpack (7.0.8.7) lib/action_dispatch/middleware/actionable_exceptions.rb:17:in `call'
actionpack (7.0.8.7) lib/action_dispatch/middleware/debug_exceptions.rb:28:in `call'
web-console (4.2.1) lib/web_console/middleware.rb:132:in `call_app'
web-console (4.2.1) lib/web_console/middleware.rb:28:in `block in call'
web-console (4.2.1) lib/web_console/middleware.rb:17:in `catch'
web-console (4.2.1) lib/web_console/middleware.rb:17:in `call'
actionpack (7.0.8.7) lib/action_dispatch/middleware/show_exceptions.rb:29:in `call'
railties (7.0.8.7) lib/rails/rack/logger.rb:40:in `call_app'
railties (7.0.8.7) lib/rails/rack/logger.rb:25:in `block in call'
activesupport (7.0.8.7) lib/active_support/tagged_logging.rb:99:in `block in tagged'
activesupport (7.0.8.7) lib/active_support/tagged_logging.rb:37:in `tagged'
activesupport (7.0.8.7) lib/active_support/tagged_logging.rb:99:in `tagged'
railties (7.0.8.7) lib/rails/rack/logger.rb:25:in `call'
sprockets-rails (3.5.2) lib/sprockets/rails/quiet_assets.rb:17:in `call'
actionpack (7.0.8.7) lib/action_dispatch/middleware/remote_ip.rb:93:in `call'
actionpack (7.0.8.7) lib/action_dispatch/middleware/request_id.rb:26:in `call'
rack (2.2.10) lib/rack/method_override.rb:24:in `call'
rack (2.2.10) lib/rack/runtime.rb:22:in `call'
activesupport (7.0.8.7) lib/active_support/cache/strategy/local_cache_middleware.rb:29:in `call'
actionpack (7.0.8.7) lib/action_dispatch/middleware/server_timing.rb:61:in `block in call'
actionpack (7.0.8.7) lib/action_dispatch/middleware/server_timing.rb:26:in `collect_events'
actionpack (7.0.8.7) lib/action_dispatch/middleware/server_timing.rb:60:in `call'
actionpack (7.0.8.7) lib/action_dispatch/middleware/executor.rb:14:in `call'
actionpack (7.0.8.7) lib/action_dispatch/middleware/static.rb:23:in `call'
rack (2.2.10) lib/rack/sendfile.rb:110:in `call'
actionpack (7.0.8.7) lib/action_dispatch/middleware/host_authorization.rb:138:in `call'
railties (7.0.8.7) lib/rails/engine.rb:530:in `call'
puma (5.6.9) lib/puma/configuration.rb:252:in `call'
puma (5.6.9) lib/puma/request.rb:77:in `block in handle_request'
puma (5.6.9) lib/puma/thread_pool.rb:340:in `with_force_shutdown'
puma (5.6.9) lib/puma/request.rb:76:in `handle_request'
puma (5.6.9) lib/puma/server.rb:443:in `process_client'
puma (5.6.9) lib/puma/thread_pool.rb:147:in `block in spawn_thread'
Started GET "/files" for ::1 at 2025-01-13 14:09:40 +0530
Processing by FilesController#index as HTML
  [1m[36mUser Load (0.2ms)[0m  [1m[34mSELECT "users".* FROM "users" WHERE "users"."id" = ? ORDER BY "users"."id" ASC LIMIT ?[0m  [["id", 1], ["LIMIT", 1]]
  Rendering layout layouts/application.html.erb
  Rendering files/index.html.erb within layouts/application
  [1m[36mUploadedFile Load (0.1ms)[0m  [1m[34mSELECT "uploaded_files".* FROM "uploaded_files" WHERE "uploaded_files"."user_id" = ?[0m  [["user_id", 1]]
  ↳ app/views/files/index.html.erb:15
  Rendered files/index.html.erb within layouts/application (Duration: 2.1ms | Allocations: 1127)
  Rendered layout layouts/application.html.erb (Duration: 4.7ms | Allocations: 2701)
Completed 200 OK in 9ms (Views: 5.0ms | ActiveRecord: 0.3ms | Allocations: 4294)


Started POST "/files/1/generate_share_link" for ::1 at 2025-01-13 14:09:42 +0530
  
AbstractController::ActionNotFound (The action 'generate_share_link' could not be found for FilesController):
  
actionpack (7.0.8.7) lib/abstract_controller/base.rb:146:in `process'
actionview (7.0.8.7) lib/action_view/rendering.rb:39:in `process'
actionpack (7.0.8.7) lib/action_controller/metal.rb:188:in `dispatch'
actionpack (7.0.8.7) lib/action_controller/metal.rb:251:in `dispatch'
actionpack (7.0.8.7) lib/action_dispatch/routing/route_set.rb:49:in `dispatch'
actionpack (7.0.8.7) lib/action_dispatch/routing/route_set.rb:32:in `serve'
actionpack (7.0.8.7) lib/action_dispatch/journey/router.rb:50:in `block in serve'
actionpack (7.0.8.7) lib/action_dispatch/journey/router.rb:32:in `each'
actionpack (7.0.8.7) lib/action_dispatch/journey/router.rb:32:in `serve'
actionpack (7.0.8.7) lib/action_dispatch/routing/route_set.rb:852:in `call'
warden (1.2.9) lib/warden/manager.rb:36:in `block in call'
warden (1.2.9) lib/warden/manager.rb:34:in `catch'
warden (1.2.9) lib/warden/manager.rb:34:in `call'
rack (2.2.10) lib/rack/tempfile_reaper.rb:15:in `call'
rack (2.2.10) lib/rack/etag.rb:27:in `call'
rack (2.2.10) lib/rack/conditional_get.rb:40:in `call'
rack (2.2.10) lib/rack/head.rb:12:in `call'
actionpack (7.0.8.7) lib/action_dispatch/http/permissions_policy.rb:38:in `call'
actionpack (7.0.8.7) lib/action_dispatch/http/content_security_policy.rb:39:in `call'
rack (2.2.10) lib/rack/session/abstract/id.rb:266:in `context'
rack (2.2.10) lib/rack/session/abstract/id.rb:260:in `call'
actionpack (7.0.8.7) lib/action_dispatch/middleware/cookies.rb:704:in `call'
activerecord (7.0.8.7) lib/active_record/migration.rb:638:in `call'
actionpack (7.0.8.7) lib/action_dispatch/middleware/callbacks.rb:27:in `block in call'
activesupport (7.0.8.7) lib/active_support/callbacks.rb:99:in `run_callbacks'
actionpack (7.0.8.7) lib/action_dispatch/middleware/callbacks.rb:26:in `call'
actionpack (7.0.8.7) lib/action_dispatch/middleware/executor.rb:14:in `call'
actionpack (7.0.8.7) lib/action_dispatch/middleware/actionable_exceptions.rb:17:in `call'
actionpack (7.0.8.7) lib/action_dispatch/middleware/debug_exceptions.rb:28:in `call'
web-console (4.2.1) lib/web_console/middleware.rb:132:in `call_app'
web-console (4.2.1) lib/web_console/middleware.rb:28:in `block in call'
web-console (4.2.1) lib/web_console/middleware.rb:17:in `catch'
web-console (4.2.1) lib/web_console/middleware.rb:17:in `call'
actionpack (7.0.8.7) lib/action_dispatch/middleware/show_exceptions.rb:29:in `call'
railties (7.0.8.7) lib/rails/rack/logger.rb:40:in `call_app'
railties (7.0.8.7) lib/rails/rack/logger.rb:25:in `block in call'
activesupport (7.0.8.7) lib/active_support/tagged_logging.rb:99:in `block in tagged'
activesupport (7.0.8.7) lib/active_support/tagged_logging.rb:37:in `tagged'
activesupport (7.0.8.7) lib/active_support/tagged_logging.rb:99:in `tagged'
railties (7.0.8.7) lib/rails/rack/logger.rb:25:in `call'
sprockets-rails (3.5.2) lib/sprockets/rails/quiet_assets.rb:17:in `call'
actionpack (7.0.8.7) lib/action_dispatch/middleware/remote_ip.rb:93:in `call'
actionpack (7.0.8.7) lib/action_dispatch/middleware/request_id.rb:26:in `call'
rack (2.2.10) lib/rack/method_override.rb:24:in `call'
rack (2.2.10) lib/rack/runtime.rb:22:in `call'
activesupport (7.0.8.7) lib/active_support/cache/strategy/local_cache_middleware.rb:29:in `call'
actionpack (7.0.8.7) lib/action_dispatch/middleware/server_timing.rb:61:in `block in call'
actionpack (7.0.8.7) lib/action_dispatch/middleware/server_timing.rb:26:in `collect_events'
actionpack (7.0.8.7) lib/action_dispatch/middleware/server_timing.rb:60:in `call'
actionpack (7.0.8.7) lib/action_dispatch/middleware/executor.rb:14:in `call'
actionpack (7.0.8.7) lib/action_dispatch/middleware/static.rb:23:in `call'
rack (2.2.10) lib/rack/sendfile.rb:110:in `call'
actionpack (7.0.8.7) lib/action_dispatch/middleware/host_authorization.rb:138:in `call'
railties (7.0.8.7) lib/rails/engine.rb:530:in `call'
puma (5.6.9) lib/puma/configuration.rb:252:in `call'
puma (5.6.9) lib/puma/request.rb:77:in `block in handle_request'
puma (5.6.9) lib/puma/thread_pool.rb:340:in `with_force_shutdown'
puma (5.6.9) lib/puma/request.rb:76:in `handle_request'
puma (5.6.9) lib/puma/server.rb:443:in `process_client'
puma (5.6.9) lib/puma/thread_pool.rb:147:in `block in spawn_thread'
Started GET "/files" for ::1 at 2025-01-13 14:09:42 +0530
Processing by FilesController#index as HTML
  [1m[36mUser Load (0.1ms)[0m  [1m[34mSELECT "users".* FROM "users" WHERE "users"."id" = ? ORDER BY "users"."id" ASC LIMIT ?[0m  [["id", 1], ["LIMIT", 1]]
  Rendering layout layouts/application.html.erb
  Rendering files/index.html.erb within layouts/application
  [1m[36mUploadedFile Load (0.0ms)[0m  [1m[34mSELECT "uploaded_files".* FROM "uploaded_files" WHERE "uploaded_files"."user_id" = ?[0m  [["user_id", 1]]
  ↳ app/views/files/index.html.erb:15
  Rendered files/index.html.erb within layouts/application (Duration: 0.9ms | Allocations: 1118)
  Rendered layout layouts/application.html.erb (Duration: 2.2ms | Allocations: 2692)
Completed 200 OK in 4ms (Views: 2.4ms | ActiveRecord: 0.1ms | Allocations: 4294)


Started GET "/files/1" for ::1 at 2025-01-13 14:09:46 +0530
  
AbstractController::ActionNotFound (The action 'show' could not be found for FilesController):
  
actionpack (7.0.8.7) lib/abstract_controller/base.rb:146:in `process'
actionview (7.0.8.7) lib/action_view/rendering.rb:39:in `process'
actionpack (7.0.8.7) lib/action_controller/metal.rb:188:in `dispatch'
actionpack (7.0.8.7) lib/action_controller/metal.rb:251:in `dispatch'
actionpack (7.0.8.7) lib/action_dispatch/routing/route_set.rb:49:in `dispatch'
actionpack (7.0.8.7) lib/action_dispatch/routing/route_set.rb:32:in `serve'
actionpack (7.0.8.7) lib/action_dispatch/journey/router.rb:50:in `block in serve'
actionpack (7.0.8.7) lib/action_dispatch/journey/router.rb:32:in `each'
actionpack (7.0.8.7) lib/action_dispatch/journey/router.rb:32:in `serve'
actionpack (7.0.8.7) lib/action_dispatch/routing/route_set.rb:852:in `call'
warden (1.2.9) lib/warden/manager.rb:36:in `block in call'
warden (1.2.9) lib/warden/manager.rb:34:in `catch'
warden (1.2.9) lib/warden/manager.rb:34:in `call'
rack (2.2.10) lib/rack/tempfile_reaper.rb:15:in `call'
rack (2.2.10) lib/rack/etag.rb:27:in `call'
rack (2.2.10) lib/rack/conditional_get.rb:27:in `call'
rack (2.2.10) lib/rack/head.rb:12:in `call'
actionpack (7.0.8.7) lib/action_dispatch/http/permissions_policy.rb:38:in `call'
actionpack (7.0.8.7) lib/action_dispatch/http/content_security_policy.rb:39:in `call'
rack (2.2.10) lib/rack/session/abstract/id.rb:266:in `context'
rack (2.2.10) lib/rack/session/abstract/id.rb:260:in `call'
actionpack (7.0.8.7) lib/action_dispatch/middleware/cookies.rb:704:in `call'
activerecord (7.0.8.7) lib/active_record/migration.rb:638:in `call'
actionpack (7.0.8.7) lib/action_dispatch/middleware/callbacks.rb:27:in `block in call'
activesupport (7.0.8.7) lib/active_support/callbacks.rb:99:in `run_callbacks'
actionpack (7.0.8.7) lib/action_dispatch/middleware/callbacks.rb:26:in `call'
actionpack (7.0.8.7) lib/action_dispatch/middleware/executor.rb:14:in `call'
actionpack (7.0.8.7) lib/action_dispatch/middleware/actionable_exceptions.rb:17:in `call'
actionpack (7.0.8.7) lib/action_dispatch/middleware/debug_exceptions.rb:28:in `call'
web-console (4.2.1) lib/web_console/middleware.rb:132:in `call_app'
web-console (4.2.1) lib/web_console/middleware.rb:28:in `block in call'
web-console (4.2.1) lib/web_console/middleware.rb:17:in `catch'
web-console (4.2.1) lib/web_console/middleware.rb:17:in `call'
actionpack (7.0.8.7) lib/action_dispatch/middleware/show_exceptions.rb:29:in `call'
railties (7.0.8.7) lib/rails/rack/logger.rb:40:in `call_app'
railties (7.0.8.7) lib/rails/rack/logger.rb:25:in `block in call'
activesupport (7.0.8.7) lib/active_support/tagged_logging.rb:99:in `block in tagged'
activesupport (7.0.8.7) lib/active_support/tagged_logging.rb:37:in `tagged'
activesupport (7.0.8.7) lib/active_support/tagged_logging.rb:99:in `tagged'
railties (7.0.8.7) lib/rails/rack/logger.rb:25:in `call'
sprockets-rails (3.5.2) lib/sprockets/rails/quiet_assets.rb:17:in `call'
actionpack (7.0.8.7) lib/action_dispatch/middleware/remote_ip.rb:93:in `call'
actionpack (7.0.8.7) lib/action_dispatch/middleware/request_id.rb:26:in `call'
rack (2.2.10) lib/rack/method_override.rb:24:in `call'
rack (2.2.10) lib/rack/runtime.rb:22:in `call'
activesupport (7.0.8.7) lib/active_support/cache/strategy/local_cache_middleware.rb:29:in `call'
actionpack (7.0.8.7) lib/action_dispatch/middleware/server_timing.rb:61:in `block in call'
actionpack (7.0.8.7) lib/action_dispatch/middleware/server_timing.rb:26:in `collect_events'
actionpack (7.0.8.7) lib/action_dispatch/middleware/server_timing.rb:60:in `call'
actionpack (7.0.8.7) lib/action_dispatch/middleware/executor.rb:14:in `call'
actionpack (7.0.8.7) lib/action_dispatch/middleware/static.rb:23:in `call'
rack (2.2.10) lib/rack/sendfile.rb:110:in `call'
actionpack (7.0.8.7) lib/action_dispatch/middleware/host_authorization.rb:138:in `call'
railties (7.0.8.7) lib/rails/engine.rb:530:in `call'
puma (5.6.9) lib/puma/configuration.rb:252:in `call'
puma (5.6.9) lib/puma/request.rb:77:in `block in handle_request'
puma (5.6.9) lib/puma/thread_pool.rb:340:in `with_force_shutdown'
puma (5.6.9) lib/puma/request.rb:76:in `handle_request'
puma (5.6.9) lib/puma/server.rb:443:in `process_client'
puma (5.6.9) lib/puma/thread_pool.rb:147:in `block in spawn_thread'
Started POST "/files/1/generate_share_link" for ::1 at 2025-01-13 14:09:47 +0530
  
AbstractController::ActionNotFound (The action 'generate_share_link' could not be found for FilesController):
  
actionpack (7.0.8.7) lib/abstract_controller/base.rb:146:in `process'
actionview (7.0.8.7) lib/action_view/rendering.rb:39:in `process'
actionpack (7.0.8.7) lib/action_controller/metal.rb:188:in `dispatch'
actionpack (7.0.8.7) lib/action_controller/metal.rb:251:in `dispatch'
actionpack (7.0.8.7) lib/action_dispatch/routing/route_set.rb:49:in `dispatch'
actionpack (7.0.8.7) lib/action_dispatch/routing/route_set.rb:32:in `serve'
actionpack (7.0.8.7) lib/action_dispatch/journey/router.rb:50:in `block in serve'
actionpack (7.0.8.7) lib/action_dispatch/journey/router.rb:32:in `each'
actionpack (7.0.8.7) lib/action_dispatch/journey/router.rb:32:in `serve'
actionpack (7.0.8.7) lib/action_dispatch/routing/route_set.rb:852:in `call'
warden (1.2.9) lib/warden/manager.rb:36:in `block in call'
warden (1.2.9) lib/warden/manager.rb:34:in `catch'
warden (1.2.9) lib/warden/manager.rb:34:in `call'
rack (2.2.10) lib/rack/tempfile_reaper.rb:15:in `call'
rack (2.2.10) lib/rack/etag.rb:27:in `call'
rack (2.2.10) lib/rack/conditional_get.rb:40:in `call'
rack (2.2.10) lib/rack/head.rb:12:in `call'
actionpack (7.0.8.7) lib/action_dispatch/http/permissions_policy.rb:38:in `call'
actionpack (7.0.8.7) lib/action_dispatch/http/content_security_policy.rb:39:in `call'
rack (2.2.10) lib/rack/session/abstract/id.rb:266:in `context'
rack (2.2.10) lib/rack/session/abstract/id.rb:260:in `call'
actionpack (7.0.8.7) lib/action_dispatch/middleware/cookies.rb:704:in `call'
activerecord (7.0.8.7) lib/active_record/migration.rb:638:in `call'
actionpack (7.0.8.7) lib/action_dispatch/middleware/callbacks.rb:27:in `block in call'
activesupport (7.0.8.7) lib/active_support/callbacks.rb:99:in `run_callbacks'
actionpack (7.0.8.7) lib/action_dispatch/middleware/callbacks.rb:26:in `call'
actionpack (7.0.8.7) lib/action_dispatch/middleware/executor.rb:14:in `call'
actionpack (7.0.8.7) lib/action_dispatch/middleware/actionable_exceptions.rb:17:in `call'
actionpack (7.0.8.7) lib/action_dispatch/middleware/debug_exceptions.rb:28:in `call'
web-console (4.2.1) lib/web_console/middleware.rb:132:in `call_app'
web-console (4.2.1) lib/web_console/middleware.rb:28:in `block in call'
web-console (4.2.1) lib/web_console/middleware.rb:17:in `catch'
web-console (4.2.1) lib/web_console/middleware.rb:17:in `call'
actionpack (7.0.8.7) lib/action_dispatch/middleware/show_exceptions.rb:29:in `call'
railties (7.0.8.7) lib/rails/rack/logger.rb:40:in `call_app'
railties (7.0.8.7) lib/rails/rack/logger.rb:25:in `block in call'
activesupport (7.0.8.7) lib/active_support/tagged_logging.rb:99:in `block in tagged'
activesupport (7.0.8.7) lib/active_support/tagged_logging.rb:37:in `tagged'
activesupport (7.0.8.7) lib/active_support/tagged_logging.rb:99:in `tagged'
railties (7.0.8.7) lib/rails/rack/logger.rb:25:in `call'
sprockets-rails (3.5.2) lib/sprockets/rails/quiet_assets.rb:17:in `call'
actionpack (7.0.8.7) lib/action_dispatch/middleware/remote_ip.rb:93:in `call'
actionpack (7.0.8.7) lib/action_dispatch/middleware/request_id.rb:26:in `call'
rack (2.2.10) lib/rack/method_override.rb:24:in `call'
rack (2.2.10) lib/rack/runtime.rb:22:in `call'
activesupport (7.0.8.7) lib/active_support/cache/strategy/local_cache_middleware.rb:29:in `call'
actionpack (7.0.8.7) lib/action_dispatch/middleware/server_timing.rb:61:in `block in call'
actionpack (7.0.8.7) lib/action_dispatch/middleware/server_timing.rb:26:in `collect_events'
actionpack (7.0.8.7) lib/action_dispatch/middleware/server_timing.rb:60:in `call'
actionpack (7.0.8.7) lib/action_dispatch/middleware/executor.rb:14:in `call'
actionpack (7.0.8.7) lib/action_dispatch/middleware/static.rb:23:in `call'
rack (2.2.10) lib/rack/sendfile.rb:110:in `call'
actionpack (7.0.8.7) lib/action_dispatch/middleware/host_authorization.rb:138:in `call'
railties (7.0.8.7) lib/rails/engine.rb:530:in `call'
puma (5.6.9) lib/puma/configuration.rb:252:in `call'
puma (5.6.9) lib/puma/request.rb:77:in `block in handle_request'
puma (5.6.9) lib/puma/thread_pool.rb:340:in `with_force_shutdown'
puma (5.6.9) lib/puma/request.rb:76:in `handle_request'
puma (5.6.9) lib/puma/server.rb:443:in `process_client'
puma (5.6.9) lib/puma/thread_pool.rb:147:in `block in spawn_thread'
Started GET "/files" for ::1 at 2025-01-13 14:09:47 +0530
Processing by FilesController#index as HTML
  [1m[36mUser Load (0.1ms)[0m  [1m[34mSELECT "users".* FROM "users" WHERE "users"."id" = ? ORDER BY "users"."id" ASC LIMIT ?[0m  [["id", 1], ["LIMIT", 1]]
  Rendering layout layouts/application.html.erb
  Rendering files/index.html.erb within layouts/application
  [1m[36mUploadedFile Load (0.0ms)[0m  [1m[34mSELECT "uploaded_files".* FROM "uploaded_files" WHERE "uploaded_files"."user_id" = ?[0m  [["user_id", 1]]
  ↳ app/views/files/index.html.erb:15
  Rendered files/index.html.erb within layouts/application (Duration: 1.0ms | Allocations: 1118)
  Rendered layout layouts/application.html.erb (Duration: 2.6ms | Allocations: 2692)
Completed 200 OK in 4ms (Views: 2.7ms | ActiveRecord: 0.1ms | Allocations: 4286)


Started POST "/files/1/generate_share_link" for ::1 at 2025-01-13 14:09:47 +0530
  
AbstractController::ActionNotFound (The action 'generate_share_link' could not be found for FilesController):
  
actionpack (7.0.8.7) lib/abstract_controller/base.rb:146:in `process'
actionview (7.0.8.7) lib/action_view/rendering.rb:39:in `process'
actionpack (7.0.8.7) lib/action_controller/metal.rb:188:in `dispatch'
actionpack (7.0.8.7) lib/action_controller/metal.rb:251:in `dispatch'
actionpack (7.0.8.7) lib/action_dispatch/routing/route_set.rb:49:in `dispatch'
actionpack (7.0.8.7) lib/action_dispatch/routing/route_set.rb:32:in `serve'
actionpack (7.0.8.7) lib/action_dispatch/journey/router.rb:50:in `block in serve'
actionpack (7.0.8.7) lib/action_dispatch/journey/router.rb:32:in `each'
actionpack (7.0.8.7) lib/action_dispatch/journey/router.rb:32:in `serve'
actionpack (7.0.8.7) lib/action_dispatch/routing/route_set.rb:852:in `call'
warden (1.2.9) lib/warden/manager.rb:36:in `block in call'
warden (1.2.9) lib/warden/manager.rb:34:in `catch'
warden (1.2.9) lib/warden/manager.rb:34:in `call'
rack (2.2.10) lib/rack/tempfile_reaper.rb:15:in `call'
rack (2.2.10) lib/rack/etag.rb:27:in `call'
rack (2.2.10) lib/rack/conditional_get.rb:40:in `call'
rack (2.2.10) lib/rack/head.rb:12:in `call'
actionpack (7.0.8.7) lib/action_dispatch/http/permissions_policy.rb:38:in `call'
actionpack (7.0.8.7) lib/action_dispatch/http/content_security_policy.rb:39:in `call'
rack (2.2.10) lib/rack/session/abstract/id.rb:266:in `context'
rack (2.2.10) lib/rack/session/abstract/id.rb:260:in `call'
actionpack (7.0.8.7) lib/action_dispatch/middleware/cookies.rb:704:in `call'
activerecord (7.0.8.7) lib/active_record/migration.rb:638:in `call'
actionpack (7.0.8.7) lib/action_dispatch/middleware/callbacks.rb:27:in `block in call'
activesupport (7.0.8.7) lib/active_support/callbacks.rb:99:in `run_callbacks'
actionpack (7.0.8.7) lib/action_dispatch/middleware/callbacks.rb:26:in `call'
actionpack (7.0.8.7) lib/action_dispatch/middleware/executor.rb:14:in `call'
actionpack (7.0.8.7) lib/action_dispatch/middleware/actionable_exceptions.rb:17:in `call'
actionpack (7.0.8.7) lib/action_dispatch/middleware/debug_exceptions.rb:28:in `call'
web-console (4.2.1) lib/web_console/middleware.rb:132:in `call_app'
web-console (4.2.1) lib/web_console/middleware.rb:28:in `block in call'
web-console (4.2.1) lib/web_console/middleware.rb:17:in `catch'
web-console (4.2.1) lib/web_console/middleware.rb:17:in `call'
actionpack (7.0.8.7) lib/action_dispatch/middleware/show_exceptions.rb:29:in `call'
railties (7.0.8.7) lib/rails/rack/logger.rb:40:in `call_app'
railties (7.0.8.7) lib/rails/rack/logger.rb:25:in `block in call'
activesupport (7.0.8.7) lib/active_support/tagged_logging.rb:99:in `block in tagged'
activesupport (7.0.8.7) lib/active_support/tagged_logging.rb:37:in `tagged'
activesupport (7.0.8.7) lib/active_support/tagged_logging.rb:99:in `tagged'
railties (7.0.8.7) lib/rails/rack/logger.rb:25:in `call'
sprockets-rails (3.5.2) lib/sprockets/rails/quiet_assets.rb:17:in `call'
actionpack (7.0.8.7) lib/action_dispatch/middleware/remote_ip.rb:93:in `call'
actionpack (7.0.8.7) lib/action_dispatch/middleware/request_id.rb:26:in `call'
rack (2.2.10) lib/rack/method_override.rb:24:in `call'
rack (2.2.10) lib/rack/runtime.rb:22:in `call'
activesupport (7.0.8.7) lib/active_support/cache/strategy/local_cache_middleware.rb:29:in `call'
actionpack (7.0.8.7) lib/action_dispatch/middleware/server_timing.rb:61:in `block in call'
actionpack (7.0.8.7) lib/action_dispatch/middleware/server_timing.rb:26:in `collect_events'
actionpack (7.0.8.7) lib/action_dispatch/middleware/server_timing.rb:60:in `call'
actionpack (7.0.8.7) lib/action_dispatch/middleware/executor.rb:14:in `call'
actionpack (7.0.8.7) lib/action_dispatch/middleware/static.rb:23:in `call'
rack (2.2.10) lib/rack/sendfile.rb:110:in `call'
actionpack (7.0.8.7) lib/action_dispatch/middleware/host_authorization.rb:138:in `call'
railties (7.0.8.7) lib/rails/engine.rb:530:in `call'
puma (5.6.9) lib/puma/configuration.rb:252:in `call'
puma (5.6.9) lib/puma/request.rb:77:in `block in handle_request'
puma (5.6.9) lib/puma/thread_pool.rb:340:in `with_force_shutdown'
puma (5.6.9) lib/puma/request.rb:76:in `handle_request'
puma (5.6.9) lib/puma/server.rb:443:in `process_client'
puma (5.6.9) lib/puma/thread_pool.rb:147:in `block in spawn_thread'
Started GET "/files" for ::1 at 2025-01-13 14:09:47 +0530
Processing by FilesController#index as HTML
  [1m[36mUser Load (0.1ms)[0m  [1m[34mSELECT "users".* FROM "users" WHERE "users"."id" = ? ORDER BY "users"."id" ASC LIMIT ?[0m  [["id", 1], ["LIMIT", 1]]
  Rendering layout layouts/application.html.erb
  Rendering files/index.html.erb within layouts/application
  [1m[36mUploadedFile Load (0.0ms)[0m  [1m[34mSELECT "uploaded_files".* FROM "uploaded_files" WHERE "uploaded_files"."user_id" = ?[0m  [["user_id", 1]]
  ↳ app/views/files/index.html.erb:15
  Rendered files/index.html.erb within layouts/application (Duration: 0.9ms | Allocations: 1118)
  Rendered layout layouts/application.html.erb (Duration: 2.3ms | Allocations: 2685)
Completed 200 OK in 4ms (Views: 2.4ms | ActiveRecord: 0.1ms | Allocations: 4269)


Started GET "/files/1" for ::1 at 2025-01-13 14:09:49 +0530
  
AbstractController::ActionNotFound (The action 'show' could not be found for FilesController):
  
actionpack (7.0.8.7) lib/abstract_controller/base.rb:146:in `process'
actionview (7.0.8.7) lib/action_view/rendering.rb:39:in `process'
actionpack (7.0.8.7) lib/action_controller/metal.rb:188:in `dispatch'
actionpack (7.0.8.7) lib/action_controller/metal.rb:251:in `dispatch'
actionpack (7.0.8.7) lib/action_dispatch/routing/route_set.rb:49:in `dispatch'
actionpack (7.0.8.7) lib/action_dispatch/routing/route_set.rb:32:in `serve'
actionpack (7.0.8.7) lib/action_dispatch/journey/router.rb:50:in `block in serve'
actionpack (7.0.8.7) lib/action_dispatch/journey/router.rb:32:in `each'
actionpack (7.0.8.7) lib/action_dispatch/journey/router.rb:32:in `serve'
actionpack (7.0.8.7) lib/action_dispatch/routing/route_set.rb:852:in `call'
warden (1.2.9) lib/warden/manager.rb:36:in `block in call'
warden (1.2.9) lib/warden/manager.rb:34:in `catch'
warden (1.2.9) lib/warden/manager.rb:34:in `call'
rack (2.2.10) lib/rack/tempfile_reaper.rb:15:in `call'
rack (2.2.10) lib/rack/etag.rb:27:in `call'
rack (2.2.10) lib/rack/conditional_get.rb:27:in `call'
rack (2.2.10) lib/rack/head.rb:12:in `call'
actionpack (7.0.8.7) lib/action_dispatch/http/permissions_policy.rb:38:in `call'
actionpack (7.0.8.7) lib/action_dispatch/http/content_security_policy.rb:39:in `call'
rack (2.2.10) lib/rack/session/abstract/id.rb:266:in `context'
rack (2.2.10) lib/rack/session/abstract/id.rb:260:in `call'
actionpack (7.0.8.7) lib/action_dispatch/middleware/cookies.rb:704:in `call'
activerecord (7.0.8.7) lib/active_record/migration.rb:638:in `call'
actionpack (7.0.8.7) lib/action_dispatch/middleware/callbacks.rb:27:in `block in call'
activesupport (7.0.8.7) lib/active_support/callbacks.rb:99:in `run_callbacks'
actionpack (7.0.8.7) lib/action_dispatch/middleware/callbacks.rb:26:in `call'
actionpack (7.0.8.7) lib/action_dispatch/middleware/executor.rb:14:in `call'
actionpack (7.0.8.7) lib/action_dispatch/middleware/actionable_exceptions.rb:17:in `call'
actionpack (7.0.8.7) lib/action_dispatch/middleware/debug_exceptions.rb:28:in `call'
web-console (4.2.1) lib/web_console/middleware.rb:132:in `call_app'
web-console (4.2.1) lib/web_console/middleware.rb:28:in `block in call'
web-console (4.2.1) lib/web_console/middleware.rb:17:in `catch'
web-console (4.2.1) lib/web_console/middleware.rb:17:in `call'
actionpack (7.0.8.7) lib/action_dispatch/middleware/show_exceptions.rb:29:in `call'
railties (7.0.8.7) lib/rails/rack/logger.rb:40:in `call_app'
railties (7.0.8.7) lib/rails/rack/logger.rb:25:in `block in call'
activesupport (7.0.8.7) lib/active_support/tagged_logging.rb:99:in `block in tagged'
activesupport (7.0.8.7) lib/active_support/tagged_logging.rb:37:in `tagged'
activesupport (7.0.8.7) lib/active_support/tagged_logging.rb:99:in `tagged'
railties (7.0.8.7) lib/rails/rack/logger.rb:25:in `call'
sprockets-rails (3.5.2) lib/sprockets/rails/quiet_assets.rb:17:in `call'
actionpack (7.0.8.7) lib/action_dispatch/middleware/remote_ip.rb:93:in `call'
actionpack (7.0.8.7) lib/action_dispatch/middleware/request_id.rb:26:in `call'
rack (2.2.10) lib/rack/method_override.rb:24:in `call'
rack (2.2.10) lib/rack/runtime.rb:22:in `call'
activesupport (7.0.8.7) lib/active_support/cache/strategy/local_cache_middleware.rb:29:in `call'
actionpack (7.0.8.7) lib/action_dispatch/middleware/server_timing.rb:61:in `block in call'
actionpack (7.0.8.7) lib/action_dispatch/middleware/server_timing.rb:26:in `collect_events'
actionpack (7.0.8.7) lib/action_dispatch/middleware/server_timing.rb:60:in `call'
actionpack (7.0.8.7) lib/action_dispatch/middleware/executor.rb:14:in `call'
actionpack (7.0.8.7) lib/action_dispatch/middleware/static.rb:23:in `call'
rack (2.2.10) lib/rack/sendfile.rb:110:in `call'
actionpack (7.0.8.7) lib/action_dispatch/middleware/host_authorization.rb:138:in `call'
railties (7.0.8.7) lib/rails/engine.rb:530:in `call'
puma (5.6.9) lib/puma/configuration.rb:252:in `call'
puma (5.6.9) lib/puma/request.rb:77:in `block in handle_request'
puma (5.6.9) lib/puma/thread_pool.rb:340:in `with_force_shutdown'
puma (5.6.9) lib/puma/request.rb:76:in `handle_request'
puma (5.6.9) lib/puma/server.rb:443:in `process_client'
puma (5.6.9) lib/puma/thread_pool.rb:147:in `block in spawn_thread'
Started GET "/files/new" for ::1 at 2025-01-13 14:09:50 +0530
Processing by FilesController#new as HTML
  [1m[36mUser Load (0.2ms)[0m  [1m[34mSELECT "users".* FROM "users" WHERE "users"."id" = ? ORDER BY "users"."id" ASC LIMIT ?[0m  [["id", 1], ["LIMIT", 1]]
  Rendering layout layouts/application.html.erb
  Rendering files/new.html.erb within layouts/application
  Rendered files/new.html.erb within layouts/application (Duration: 2.3ms | Allocations: 947)
  Rendered layout layouts/application.html.erb (Duration: 5.7ms | Allocations: 2521)
Completed 200 OK in 12ms (Views: 6.5ms | ActiveRecord: 0.2ms | Allocations: 4296)


Started DELETE "/files/1" for ::1 at 2025-01-13 14:09:55 +0530
  
AbstractController::ActionNotFound (The action 'destroy' could not be found for FilesController):
  
actionpack (7.0.8.7) lib/abstract_controller/base.rb:146:in `process'
actionview (7.0.8.7) lib/action_view/rendering.rb:39:in `process'
actionpack (7.0.8.7) lib/action_controller/metal.rb:188:in `dispatch'
actionpack (7.0.8.7) lib/action_controller/metal.rb:251:in `dispatch'
actionpack (7.0.8.7) lib/action_dispatch/routing/route_set.rb:49:in `dispatch'
actionpack (7.0.8.7) lib/action_dispatch/routing/route_set.rb:32:in `serve'
actionpack (7.0.8.7) lib/action_dispatch/journey/router.rb:50:in `block in serve'
actionpack (7.0.8.7) lib/action_dispatch/journey/router.rb:32:in `each'
actionpack (7.0.8.7) lib/action_dispatch/journey/router.rb:32:in `serve'
actionpack (7.0.8.7) lib/action_dispatch/routing/route_set.rb:852:in `call'
warden (1.2.9) lib/warden/manager.rb:36:in `block in call'
warden (1.2.9) lib/warden/manager.rb:34:in `catch'
warden (1.2.9) lib/warden/manager.rb:34:in `call'
rack (2.2.10) lib/rack/tempfile_reaper.rb:15:in `call'
rack (2.2.10) lib/rack/etag.rb:27:in `call'
rack (2.2.10) lib/rack/conditional_get.rb:40:in `call'
rack (2.2.10) lib/rack/head.rb:12:in `call'
actionpack (7.0.8.7) lib/action_dispatch/http/permissions_policy.rb:38:in `call'
actionpack (7.0.8.7) lib/action_dispatch/http/content_security_policy.rb:39:in `call'
rack (2.2.10) lib/rack/session/abstract/id.rb:266:in `context'
rack (2.2.10) lib/rack/session/abstract/id.rb:260:in `call'
actionpack (7.0.8.7) lib/action_dispatch/middleware/cookies.rb:704:in `call'
activerecord (7.0.8.7) lib/active_record/migration.rb:638:in `call'
actionpack (7.0.8.7) lib/action_dispatch/middleware/callbacks.rb:27:in `block in call'
activesupport (7.0.8.7) lib/active_support/callbacks.rb:99:in `run_callbacks'
actionpack (7.0.8.7) lib/action_dispatch/middleware/callbacks.rb:26:in `call'
actionpack (7.0.8.7) lib/action_dispatch/middleware/executor.rb:14:in `call'
actionpack (7.0.8.7) lib/action_dispatch/middleware/actionable_exceptions.rb:17:in `call'
actionpack (7.0.8.7) lib/action_dispatch/middleware/debug_exceptions.rb:28:in `call'
web-console (4.2.1) lib/web_console/middleware.rb:132:in `call_app'
web-console (4.2.1) lib/web_console/middleware.rb:28:in `block in call'
web-console (4.2.1) lib/web_console/middleware.rb:17:in `catch'
web-console (4.2.1) lib/web_console/middleware.rb:17:in `call'
actionpack (7.0.8.7) lib/action_dispatch/middleware/show_exceptions.rb:29:in `call'
railties (7.0.8.7) lib/rails/rack/logger.rb:40:in `call_app'
railties (7.0.8.7) lib/rails/rack/logger.rb:25:in `block in call'
activesupport (7.0.8.7) lib/active_support/tagged_logging.rb:99:in `block in tagged'
activesupport (7.0.8.7) lib/active_support/tagged_logging.rb:37:in `tagged'
activesupport (7.0.8.7) lib/active_support/tagged_logging.rb:99:in `tagged'
railties (7.0.8.7) lib/rails/rack/logger.rb:25:in `call'
sprockets-rails (3.5.2) lib/sprockets/rails/quiet_assets.rb:17:in `call'
actionpack (7.0.8.7) lib/action_dispatch/middleware/remote_ip.rb:93:in `call'
actionpack (7.0.8.7) lib/action_dispatch/middleware/request_id.rb:26:in `call'
rack (2.2.10) lib/rack/method_override.rb:24:in `call'
rack (2.2.10) lib/rack/runtime.rb:22:in `call'
activesupport (7.0.8.7) lib/active_support/cache/strategy/local_cache_middleware.rb:29:in `call'
actionpack (7.0.8.7) lib/action_dispatch/middleware/server_timing.rb:61:in `block in call'
actionpack (7.0.8.7) lib/action_dispatch/middleware/server_timing.rb:26:in `collect_events'
actionpack (7.0.8.7) lib/action_dispatch/middleware/server_timing.rb:60:in `call'
actionpack (7.0.8.7) lib/action_dispatch/middleware/executor.rb:14:in `call'
actionpack (7.0.8.7) lib/action_dispatch/middleware/static.rb:23:in `call'
rack (2.2.10) lib/rack/sendfile.rb:110:in `call'
actionpack (7.0.8.7) lib/action_dispatch/middleware/host_authorization.rb:138:in `call'
railties (7.0.8.7) lib/rails/engine.rb:530:in `call'
puma (5.6.9) lib/puma/configuration.rb:252:in `call'
puma (5.6.9) lib/puma/request.rb:77:in `block in handle_request'
puma (5.6.9) lib/puma/thread_pool.rb:340:in `with_force_shutdown'
puma (5.6.9) lib/puma/request.rb:76:in `handle_request'
puma (5.6.9) lib/puma/server.rb:443:in `process_client'
puma (5.6.9) lib/puma/thread_pool.rb:147:in `block in spawn_thread'
Started GET "/files" for ::1 at 2025-01-13 14:09:55 +0530
Processing by FilesController#index as HTML
  [1m[36mUser Load (0.1ms)[0m  [1m[34mSELECT "users".* FROM "users" WHERE "users"."id" = ? ORDER BY "users"."id" ASC LIMIT ?[0m  [["id", 1], ["LIMIT", 1]]
  Rendering layout layouts/application.html.erb
  Rendering files/index.html.erb within layouts/application
  [1m[36mUploadedFile Load (0.0ms)[0m  [1m[34mSELECT "uploaded_files".* FROM "uploaded_files" WHERE "uploaded_files"."user_id" = ?[0m  [["user_id", 1]]
  ↳ app/views/files/index.html.erb:15
  Rendered files/index.html.erb within layouts/application (Duration: 1.0ms | Allocations: 1118)
  Rendered layout layouts/application.html.erb (Duration: 2.3ms | Allocations: 2692)
Completed 200 OK in 4ms (Views: 2.5ms | ActiveRecord: 0.1ms | Allocations: 4267)


Started GET "/files" for ::1 at 2025-01-13 14:10:20 +0530
Processing by FilesController#index as HTML
  [1m[36mUser Load (0.1ms)[0m  [1m[34mSELECT "users".* FROM "users" WHERE "users"."id" = ? ORDER BY "users"."id" ASC LIMIT ?[0m  [["id", 1], ["LIMIT", 1]]
  Rendering layout layouts/application.html.erb
  Rendering files/index.html.erb within layouts/application
  [1m[36mUploadedFile Load (0.1ms)[0m  [1m[34mSELECT "uploaded_files".* FROM "uploaded_files" WHERE "uploaded_files"."user_id" = ?[0m  [["user_id", 1]]
  ↳ app/views/files/index.html.erb:15
  Rendered files/index.html.erb within layouts/application (Duration: 1.7ms | Allocations: 1118)
  Rendered layout layouts/application.html.erb (Duration: 4.4ms | Allocations: 2685)
Completed 200 OK in 9ms (Views: 4.9ms | ActiveRecord: 0.2ms | Allocations: 4263)


Started GET "/files" for ::1 at 2025-01-13 14:10:21 +0530
Processing by FilesController#index as HTML
  [1m[36mUser Load (0.2ms)[0m  [1m[34mSELECT "users".* FROM "users" WHERE "users"."id" = ? ORDER BY "users"."id" ASC LIMIT ?[0m  [["id", 1], ["LIMIT", 1]]
  Rendering layout layouts/application.html.erb
  Rendering files/index.html.erb within layouts/application
  [1m[36mUploadedFile Load (0.2ms)[0m  [1m[34mSELECT "uploaded_files".* FROM "uploaded_files" WHERE "uploaded_files"."user_id" = ?[0m  [["user_id", 1]]
  ↳ app/views/files/index.html.erb:15
  Rendered files/index.html.erb within layouts/application (Duration: 3.4ms | Allocations: 1118)
  Rendered layout layouts/application.html.erb (Duration: 6.5ms | Allocations: 2685)
Completed 200 OK in 13ms (Views: 7.0ms | ActiveRecord: 0.5ms | Allocations: 4282)


Started GET "/files" for ::1 at 2025-01-13 14:10:21 +0530
Processing by FilesController#index as HTML
  [1m[36mUser Load (0.3ms)[0m  [1m[34mSELECT "users".* FROM "users" WHERE "users"."id" = ? ORDER BY "users"."id" ASC LIMIT ?[0m  [["id", 1], ["LIMIT", 1]]
  Rendering layout layouts/application.html.erb
  Rendering files/index.html.erb within layouts/application
  [1m[36mUploadedFile Load (0.3ms)[0m  [1m[34mSELECT "uploaded_files".* FROM "uploaded_files" WHERE "uploaded_files"."user_id" = ?[0m  [["user_id", 1]]
  ↳ app/views/files/index.html.erb:15
  Rendered files/index.html.erb within layouts/application (Duration: 3.7ms | Allocations: 1118)
  Rendered layout layouts/application.html.erb (Duration: 7.3ms | Allocations: 2685)
Completed 200 OK in 13ms (Views: 7.7ms | ActiveRecord: 0.5ms | Allocations: 4296)


Started GET "/files" for ::1 at 2025-01-13 14:10:22 +0530
Processing by FilesController#index as HTML
  [1m[36mUser Load (0.2ms)[0m  [1m[34mSELECT "users".* FROM "users" WHERE "users"."id" = ? ORDER BY "users"."id" ASC LIMIT ?[0m  [["id", 1], ["LIMIT", 1]]
  Rendering layout layouts/application.html.erb
  Rendering files/index.html.erb within layouts/application
  [1m[36mUploadedFile Load (0.2ms)[0m  [1m[34mSELECT "uploaded_files".* FROM "uploaded_files" WHERE "uploaded_files"."user_id" = ?[0m  [["user_id", 1]]
  ↳ app/views/files/index.html.erb:15
  Rendered files/index.html.erb within layouts/application (Duration: 3.0ms | Allocations: 1118)
  Rendered layout layouts/application.html.erb (Duration: 6.8ms | Allocations: 2692)
Completed 200 OK in 12ms (Views: 7.2ms | ActiveRecord: 0.4ms | Allocations: 4264)


Started GET "/files" for ::1 at 2025-01-13 14:10:23 +0530
Processing by FilesController#index as HTML
  [1m[36mUser Load (0.2ms)[0m  [1m[34mSELECT "users".* FROM "users" WHERE "users"."id" = ? ORDER BY "users"."id" ASC LIMIT ?[0m  [["id", 1], ["LIMIT", 1]]
  Rendering layout layouts/application.html.erb
  Rendering files/index.html.erb within layouts/application
  [1m[36mUploadedFile Load (0.8ms)[0m  [1m[34mSELECT "uploaded_files".* FROM "uploaded_files" WHERE "uploaded_files"."user_id" = ?[0m  [["user_id", 1]]
  ↳ app/views/files/index.html.erb:15
  Rendered files/index.html.erb within layouts/application (Duration: 3.7ms | Allocations: 1118)
  Rendered layout layouts/application.html.erb (Duration: 7.9ms | Allocations: 2685)
Completed 200 OK in 12ms (Views: 7.7ms | ActiveRecord: 1.1ms | Allocations: 4275)


Started GET "/files" for ::1 at 2025-01-13 14:11:11 +0530
  
SyntaxError (/Users/abhishek.sharma/Documents/secure_file_sharing/app/controllers/files_controller.rb:1: syntax error, unexpected backslash
\class FilesController < Appli...
^
):
  
app/controllers/files_controller.rb:1: syntax error, unexpected backslash
app/controllers/files_controller.rb:1: syntax error, unexpected backslash
Started GET "/files" for ::1 at 2025-01-13 14:11:27 +0530
Processing by FilesController#index as HTML
  [1m[36mUser Load (0.4ms)[0m  [1m[34mSELECT "users".* FROM "users" WHERE "users"."id" = ? ORDER BY "users"."id" ASC LIMIT ?[0m  [["id", 1], ["LIMIT", 1]]
  Rendering layout layouts/application.html.erb
  Rendering files/index.html.erb within layouts/application
  [1m[36mUploadedFile Load (0.2ms)[0m  [1m[34mSELECT "uploaded_files".* FROM "uploaded_files" WHERE "uploaded_files"."user_id" = ?[0m  [["user_id", 1]]
  ↳ app/views/files/index.html.erb:15
  Rendered files/index.html.erb within layouts/application (Duration: 4.3ms | Allocations: 5434)
  Rendered layout layouts/application.html.erb (Duration: 15.8ms | Allocations: 21291)
Completed 200 OK in 25ms (Views: 16.3ms | ActiveRecord: 1.3ms | Allocations: 29837)


Started GET "/files/1" for ::1 at 2025-01-13 14:11:30 +0530
Processing by FilesController#show as HTML
  Parameters: {"id"=>"1"}
  [1m[36mUser Load (0.2ms)[0m  [1m[34mSELECT "users".* FROM "users" WHERE "users"."id" = ? ORDER BY "users"."id" ASC LIMIT ?[0m  [["id", 1], ["LIMIT", 1]]
  [1m[36mUploadedFile Load (0.2ms)[0m  [1m[34mSELECT "uploaded_files".* FROM "uploaded_files" WHERE "uploaded_files"."user_id" = ? AND "uploaded_files"."id" = ? LIMIT ?[0m  [["user_id", 1], ["id", 1], ["LIMIT", 1]]
  ↳ app/controllers/files_controller.rb:61:in `set_file'
  [1m[36mActiveStorage::Attachment Load (0.4ms)[0m  [1m[34mSELECT "active_storage_attachments".* FROM "active_storage_attachments" WHERE "active_storage_attachments"."record_id" = ? AND "active_storage_attachments"."record_type" = ? AND "active_storage_attachments"."name" = ? LIMIT ?[0m  [["record_id", 1], ["record_type", "UploadedFile"], ["name", "file"], ["LIMIT", 1]]
  ↳ app/controllers/files_controller.rb:11:in `show'
  [1m[36mActiveStorage::Blob Load (0.1ms)[0m  [1m[34mSELECT "active_storage_blobs".* FROM "active_storage_blobs" WHERE "active_storage_blobs"."id" = ? LIMIT ?[0m  [["id", 2], ["LIMIT", 1]]
  ↳ app/controllers/files_controller.rb:12:in `show'
[36m  Disk Storage (0.7ms) [0m[34mDownloaded file from key: w6p1mc853zgwdg09lml2k2venzh2[0m
  Rendering text template
  Rendered text template (Duration: 0.0ms | Allocations: 9)
Sent data Resume.pdf (3.1ms)
Completed 200 OK in 31ms (Views: 2.7ms | ActiveRecord: 1.5ms | Allocations: 15900)


Started GET "/files/1" for ::1 at 2025-01-13 14:11:30 +0530
Processing by FilesController#show as HTML
  Parameters: {"id"=>"1"}
  [1m[36mUser Load (0.1ms)[0m  [1m[34mSELECT "users".* FROM "users" WHERE "users"."id" = ? ORDER BY "users"."id" ASC LIMIT ?[0m  [["id", 1], ["LIMIT", 1]]
  [1m[36mUploadedFile Load (0.1ms)[0m  [1m[34mSELECT "uploaded_files".* FROM "uploaded_files" WHERE "uploaded_files"."user_id" = ? AND "uploaded_files"."id" = ? LIMIT ?[0m  [["user_id", 1], ["id", 1], ["LIMIT", 1]]
  ↳ app/controllers/files_controller.rb:61:in `set_file'
  [1m[36mActiveStorage::Attachment Load (0.1ms)[0m  [1m[34mSELECT "active_storage_attachments".* FROM "active_storage_attachments" WHERE "active_storage_attachments"."record_id" = ? AND "active_storage_attachments"."record_type" = ? AND "active_storage_attachments"."name" = ? LIMIT ?[0m  [["record_id", 1], ["record_type", "UploadedFile"], ["name", "file"], ["LIMIT", 1]]
  ↳ app/controllers/files_controller.rb:11:in `show'
  [1m[36mActiveStorage::Blob Load (0.0ms)[0m  [1m[34mSELECT "active_storage_blobs".* FROM "active_storage_blobs" WHERE "active_storage_blobs"."id" = ? LIMIT ?[0m  [["id", 2], ["LIMIT", 1]]
  ↳ app/controllers/files_controller.rb:12:in `show'
[36m  Disk Storage (0.2ms) [0m[34mDownloaded file from key: w6p1mc853zgwdg09lml2k2venzh2[0m
  Rendering text template
  Rendered text template (Duration: 0.0ms | Allocations: 4)
Sent data Resume.pdf (0.4ms)
Completed 200 OK in 7ms (Views: 0.3ms | ActiveRecord: 0.3ms | Allocations: 4214)


Started POST "/files/1/generate_share_link" for ::1 at 2025-01-13 14:11:35 +0530
Processing by FilesController#generate_share_link as TURBO_STREAM
  Parameters: {"authenticity_token"=>"[FILTERED]", "id"=>"1"}
  [1m[36mUser Load (0.1ms)[0m  [1m[34mSELECT "users".* FROM "users" WHERE "users"."id" = ? ORDER BY "users"."id" ASC LIMIT ?[0m  [["id", 1], ["LIMIT", 1]]
  [1m[36mUploadedFile Load (0.1ms)[0m  [1m[34mSELECT "uploaded_files".* FROM "uploaded_files" WHERE "uploaded_files"."user_id" = ? AND "uploaded_files"."id" = ? LIMIT ?[0m  [["user_id", 1], ["id", 1], ["LIMIT", 1]]
  ↳ app/controllers/files_controller.rb:61:in `set_file'
  [1m[36mTRANSACTION (0.1ms)[0m  [1m[36mbegin transaction[0m
  ↳ app/models/uploaded_file.rb:14:in `generate_share_token'
  [1m[36mActiveStorage::Attachment Load (0.1ms)[0m  [1m[34mSELECT "active_storage_attachments".* FROM "active_storage_attachments" WHERE "active_storage_attachments"."record_id" = ? AND "active_storage_attachments"."record_type" = ? AND "active_storage_attachments"."name" = ? LIMIT ?[0m  [["record_id", 1], ["record_type", "UploadedFile"], ["name", "file"], ["LIMIT", 1]]
  ↳ app/models/uploaded_file.rb:14:in `generate_share_token'
  [1m[36mActiveStorage::Blob Load (0.0ms)[0m  [1m[34mSELECT "active_storage_blobs".* FROM "active_storage_blobs" WHERE "active_storage_blobs"."id" = ? LIMIT ?[0m  [["id", 2], ["LIMIT", 1]]
  ↳ app/models/uploaded_file.rb:14:in `generate_share_token'
  [1m[36mUploadedFile Update (1.8ms)[0m  [1m[33mUPDATE "uploaded_files" SET "share_token" = ?, "updated_at" = ? WHERE "uploaded_files"."id" = ?[0m  [["share_token", "[FILTERED]"], ["updated_at", "2025-01-13 08:41:35.055235"], ["id", 1]]
  ↳ app/models/uploaded_file.rb:14:in `generate_share_token'
  [1m[36mTRANSACTION (0.9ms)[0m  [1m[36mcommit transaction[0m
  ↳ app/models/uploaded_file.rb:14:in `generate_share_token'
Redirected to http://localhost:3000/files
Completed 302 Found in 16ms (ActiveRecord: 3.1ms | Allocations: 6764)


Started GET "/files" for ::1 at 2025-01-13 14:11:35 +0530
Processing by FilesController#index as TURBO_STREAM
  [1m[36mUser Load (0.1ms)[0m  [1m[34mSELECT "users".* FROM "users" WHERE "users"."id" = ? ORDER BY "users"."id" ASC LIMIT ?[0m  [["id", 1], ["LIMIT", 1]]
  Rendering layout layouts/application.html.erb
  Rendering files/index.html.erb within layouts/application
  [1m[36mUploadedFile Load (0.1ms)[0m  [1m[34mSELECT "uploaded_files".* FROM "uploaded_files" WHERE "uploaded_files"."user_id" = ?[0m  [["user_id", 1]]
  ↳ app/views/files/index.html.erb:15
  Rendered files/index.html.erb within layouts/application (Duration: 1.9ms | Allocations: 1311)
  Rendered layout layouts/application.html.erb (Duration: 6.7ms | Allocations: 2997)
Completed 200 OK in 10ms (Views: 7.0ms | ActiveRecord: 0.2ms | Allocations: 4649)


Started GET "/shared/XvFdoLQQV5Y" for ::1 at 2025-01-13 14:11:44 +0530
Processing by SharedFilesController#show as HTML
  Parameters: {"token"=>"[FILTERED]"}
  [1m[36mUploadedFile Load (0.2ms)[0m  [1m[34mSELECT "uploaded_files".* FROM "uploaded_files" WHERE "uploaded_files"."share_token" = ? LIMIT ?[0m  [["share_token", "[FILTERED]"], ["LIMIT", 1]]
  ↳ app/controllers/shared_files_controller.rb:3:in `show'
  [1m[36mActiveStorage::Attachment Load (0.1ms)[0m  [1m[34mSELECT "active_storage_attachments".* FROM "active_storage_attachments" WHERE "active_storage_attachments"."record_id" = ? AND "active_storage_attachments"."record_type" = ? AND "active_storage_attachments"."name" = ? LIMIT ?[0m  [["record_id", 1], ["record_type", "UploadedFile"], ["name", "file"], ["LIMIT", 1]]
  ↳ app/controllers/shared_files_controller.rb:4:in `show'
  [1m[36mActiveStorage::Blob Load (0.0ms)[0m  [1m[34mSELECT "active_storage_blobs".* FROM "active_storage_blobs" WHERE "active_storage_blobs"."id" = ? LIMIT ?[0m  [["id", 2], ["LIMIT", 1]]
  ↳ app/controllers/shared_files_controller.rb:4:in `show'
[36m  Disk Storage (1.0ms) [0m[34mDownloaded file from key: w6p1mc853zgwdg09lml2k2venzh2[0m
  Rendering text template
  Rendered text template (Duration: 0.0ms | Allocations: 7)
Sent data Sample1 (1.5ms)
Completed 200 OK in 7ms (Views: 1.3ms | ActiveRecord: 0.3ms | Allocations: 3139)


Started GET "/shared/XvFdoLQQV5Y" for ::1 at 2025-01-13 14:11:44 +0530
Processing by SharedFilesController#show as HTML
  Parameters: {"token"=>"[FILTERED]"}
  [1m[36mUploadedFile Load (0.2ms)[0m  [1m[34mSELECT "uploaded_files".* FROM "uploaded_files" WHERE "uploaded_files"."share_token" = ? LIMIT ?[0m  [["share_token", "[FILTERED]"], ["LIMIT", 1]]
  ↳ app/controllers/shared_files_controller.rb:3:in `show'
  [1m[36mActiveStorage::Attachment Load (0.1ms)[0m  [1m[34mSELECT "active_storage_attachments".* FROM "active_storage_attachments" WHERE "active_storage_attachments"."record_id" = ? AND "active_storage_attachments"."record_type" = ? AND "active_storage_attachments"."name" = ? LIMIT ?[0m  [["record_id", 1], ["record_type", "UploadedFile"], ["name", "file"], ["LIMIT", 1]]
  ↳ app/controllers/shared_files_controller.rb:4:in `show'
  [1m[36mActiveStorage::Blob Load (0.1ms)[0m  [1m[34mSELECT "active_storage_blobs".* FROM "active_storage_blobs" WHERE "active_storage_blobs"."id" = ? LIMIT ?[0m  [["id", 2], ["LIMIT", 1]]
  ↳ app/controllers/shared_files_controller.rb:4:in `show'
[36m  Disk Storage (0.7ms) [0m[34mDownloaded file from key: w6p1mc853zgwdg09lml2k2venzh2[0m
  Rendering text template
  Rendered text template (Duration: 0.0ms | Allocations: 4)
Sent data Sample1 (1.1ms)
Completed 200 OK in 9ms (Views: 0.7ms | ActiveRecord: 0.4ms | Allocations: 2529)


Started GET "/shared/XvFdoLQQV5Y" for ::1 at 2025-01-13 14:11:54 +0530
Processing by SharedFilesController#show as HTML
  Parameters: {"token"=>"[FILTERED]"}
  [1m[36mUploadedFile Load (2.5ms)[0m  [1m[34mSELECT "uploaded_files".* FROM "uploaded_files" WHERE "uploaded_files"."share_token" = ? LIMIT ?[0m  [["share_token", "[FILTERED]"], ["LIMIT", 1]]
  ↳ app/controllers/shared_files_controller.rb:3:in `show'
  [1m[36mActiveStorage::Attachment Load (0.4ms)[0m  [1m[34mSELECT "active_storage_attachments".* FROM "active_storage_attachments" WHERE "active_storage_attachments"."record_id" = ? AND "active_storage_attachments"."record_type" = ? AND "active_storage_attachments"."name" = ? LIMIT ?[0m  [["record_id", 1], ["record_type", "UploadedFile"], ["name", "file"], ["LIMIT", 1]]
  ↳ app/controllers/shared_files_controller.rb:4:in `show'
  [1m[36mActiveStorage::Blob Load (0.1ms)[0m  [1m[34mSELECT "active_storage_blobs".* FROM "active_storage_blobs" WHERE "active_storage_blobs"."id" = ? LIMIT ?[0m  [["id", 2], ["LIMIT", 1]]
  ↳ app/controllers/shared_files_controller.rb:4:in `show'
[36m  Disk Storage (0.5ms) [0m[34mDownloaded file from key: w6p1mc853zgwdg09lml2k2venzh2[0m
  Rendering text template
  Rendered text template (Duration: 0.0ms | Allocations: 4)
Sent data Sample1 (1.0ms)
Completed 200 OK in 17ms (Views: 0.6ms | ActiveRecord: 3.1ms | Allocations: 2323)


Started GET "/files/1" for ::1 at 2025-01-13 14:11:54 +0530
Processing by FilesController#show as HTML
  Parameters: {"id"=>"1"}
  [1m[36mUser Load (0.1ms)[0m  [1m[34mSELECT "users".* FROM "users" WHERE "users"."id" = ? ORDER BY "users"."id" ASC LIMIT ?[0m  [["id", 1], ["LIMIT", 1]]
  [1m[36mUploadedFile Load (0.1ms)[0m  [1m[34mSELECT "uploaded_files".* FROM "uploaded_files" WHERE "uploaded_files"."user_id" = ? AND "uploaded_files"."id" = ? LIMIT ?[0m  [["user_id", 1], ["id", 1], ["LIMIT", 1]]
  ↳ app/controllers/files_controller.rb:61:in `set_file'
  [1m[36mActiveStorage::Attachment Load (0.1ms)[0m  [1m[34mSELECT "active_storage_attachments".* FROM "active_storage_attachments" WHERE "active_storage_attachments"."record_id" = ? AND "active_storage_attachments"."record_type" = ? AND "active_storage_attachments"."name" = ? LIMIT ?[0m  [["record_id", 1], ["record_type", "UploadedFile"], ["name", "file"], ["LIMIT", 1]]
  ↳ app/controllers/files_controller.rb:11:in `show'
  [1m[36mActiveStorage::Blob Load (0.1ms)[0m  [1m[34mSELECT "active_storage_blobs".* FROM "active_storage_blobs" WHERE "active_storage_blobs"."id" = ? LIMIT ?[0m  [["id", 2], ["LIMIT", 1]]
  ↳ app/controllers/files_controller.rb:12:in `show'
[36m  Disk Storage (1.5ms) [0m[34mDownloaded file from key: w6p1mc853zgwdg09lml2k2venzh2[0m
  Rendering text template
  Rendered text template (Duration: 0.0ms | Allocations: 4)
Sent data Resume.pdf (0.6ms)
Completed 200 OK in 18ms (Views: 0.4ms | ActiveRecord: 0.4ms | Allocations: 4008)


Started DELETE "/files/1/revoke_share_link" for ::1 at 2025-01-13 14:11:55 +0530
Processing by FilesController#revoke_share_link as TURBO_STREAM
  Parameters: {"authenticity_token"=>"[FILTERED]", "id"=>"1"}
  [1m[36mUser Load (0.2ms)[0m  [1m[34mSELECT "users".* FROM "users" WHERE "users"."id" = ? ORDER BY "users"."id" ASC LIMIT ?[0m  [["id", 1], ["LIMIT", 1]]
  [1m[36mUploadedFile Load (0.2ms)[0m  [1m[34mSELECT "uploaded_files".* FROM "uploaded_files" WHERE "uploaded_files"."user_id" = ? AND "uploaded_files"."id" = ? LIMIT ?[0m  [["user_id", 1], ["id", 1], ["LIMIT", 1]]
  ↳ app/controllers/files_controller.rb:61:in `set_file'
  [1m[36mTRANSACTION (1.5ms)[0m  [1m[36mbegin transaction[0m
  ↳ app/models/uploaded_file.rb:18:in `revoke_share_token'
  [1m[36mActiveStorage::Attachment Load (0.1ms)[0m  [1m[34mSELECT "active_storage_attachments".* FROM "active_storage_attachments" WHERE "active_storage_attachments"."record_id" = ? AND "active_storage_attachments"."record_type" = ? AND "active_storage_attachments"."name" = ? LIMIT ?[0m  [["record_id", 1], ["record_type", "UploadedFile"], ["name", "file"], ["LIMIT", 1]]
  ↳ app/models/uploaded_file.rb:18:in `revoke_share_token'
  [1m[36mActiveStorage::Blob Load (0.0ms)[0m  [1m[34mSELECT "active_storage_blobs".* FROM "active_storage_blobs" WHERE "active_storage_blobs"."id" = ? LIMIT ?[0m  [["id", 2], ["LIMIT", 1]]
  ↳ app/models/uploaded_file.rb:18:in `revoke_share_token'
  [1m[36mUploadedFile Update (2.2ms)[0m  [1m[33mUPDATE "uploaded_files" SET "share_token" = ?, "updated_at" = ? WHERE "uploaded_files"."id" = ?[0m  [["share_token", "[FILTERED]"], ["updated_at", "2025-01-13 08:41:55.686362"], ["id", 1]]
  ↳ app/models/uploaded_file.rb:18:in `revoke_share_token'
  [1m[36mTRANSACTION (0.9ms)[0m  [1m[36mcommit transaction[0m
  ↳ app/models/uploaded_file.rb:18:in `revoke_share_token'
Redirected to http://localhost:3000/files
Completed 302 Found in 23ms (ActiveRecord: 5.2ms | Allocations: 6468)


Started GET "/files" for ::1 at 2025-01-13 14:11:55 +0530
Processing by FilesController#index as TURBO_STREAM
  [1m[36mUser Load (0.1ms)[0m  [1m[34mSELECT "users".* FROM "users" WHERE "users"."id" = ? ORDER BY "users"."id" ASC LIMIT ?[0m  [["id", 1], ["LIMIT", 1]]
  Rendering layout layouts/application.html.erb
  Rendering files/index.html.erb within layouts/application
  [1m[36mUploadedFile Load (0.0ms)[0m  [1m[34mSELECT "uploaded_files".* FROM "uploaded_files" WHERE "uploaded_files"."user_id" = ?[0m  [["user_id", 1]]
  ↳ app/views/files/index.html.erb:15
  Rendered files/index.html.erb within layouts/application (Duration: 2.0ms | Allocations: 1199)
  Rendered layout layouts/application.html.erb (Duration: 5.0ms | Allocations: 2885)
Completed 200 OK in 7ms (Views: 5.3ms | ActiveRecord: 0.1ms | Allocations: 4498)


Started POST "/files/1/generate_share_link" for ::1 at 2025-01-13 14:11:56 +0530
Processing by FilesController#generate_share_link as TURBO_STREAM
  Parameters: {"authenticity_token"=>"[FILTERED]", "id"=>"1"}
  [1m[36mUser Load (0.2ms)[0m  [1m[34mSELECT "users".* FROM "users" WHERE "users"."id" = ? ORDER BY "users"."id" ASC LIMIT ?[0m  [["id", 1], ["LIMIT", 1]]
  [1m[36mUploadedFile Load (0.2ms)[0m  [1m[34mSELECT "uploaded_files".* FROM "uploaded_files" WHERE "uploaded_files"."user_id" = ? AND "uploaded_files"."id" = ? LIMIT ?[0m  [["user_id", 1], ["id", 1], ["LIMIT", 1]]
  ↳ app/controllers/files_controller.rb:61:in `set_file'
  [1m[36mTRANSACTION (0.1ms)[0m  [1m[36mbegin transaction[0m
  ↳ app/models/uploaded_file.rb:14:in `generate_share_token'
  [1m[36mActiveStorage::Attachment Load (0.1ms)[0m  [1m[34mSELECT "active_storage_attachments".* FROM "active_storage_attachments" WHERE "active_storage_attachments"."record_id" = ? AND "active_storage_attachments"."record_type" = ? AND "active_storage_attachments"."name" = ? LIMIT ?[0m  [["record_id", 1], ["record_type", "UploadedFile"], ["name", "file"], ["LIMIT", 1]]
  ↳ app/models/uploaded_file.rb:14:in `generate_share_token'
  [1m[36mActiveStorage::Blob Load (0.0ms)[0m  [1m[34mSELECT "active_storage_blobs".* FROM "active_storage_blobs" WHERE "active_storage_blobs"."id" = ? LIMIT ?[0m  [["id", 2], ["LIMIT", 1]]
  ↳ app/models/uploaded_file.rb:14:in `generate_share_token'
  [1m[36mUploadedFile Update (0.7ms)[0m  [1m[33mUPDATE "uploaded_files" SET "share_token" = ?, "updated_at" = ? WHERE "uploaded_files"."id" = ?[0m  [["share_token", "[FILTERED]"], ["updated_at", "2025-01-13 08:41:56.668053"], ["id", 1]]
  ↳ app/models/uploaded_file.rb:14:in `generate_share_token'
  [1m[36mTRANSACTION (1.4ms)[0m  [1m[36mcommit transaction[0m
  ↳ app/models/uploaded_file.rb:14:in `generate_share_token'
Redirected to http://localhost:3000/files
Completed 302 Found in 20ms (ActiveRecord: 2.8ms | Allocations: 6371)


Started GET "/files" for ::1 at 2025-01-13 14:11:56 +0530
Processing by FilesController#index as TURBO_STREAM
  [1m[36mUser Load (0.1ms)[0m  [1m[34mSELECT "users".* FROM "users" WHERE "users"."id" = ? ORDER BY "users"."id" ASC LIMIT ?[0m  [["id", 1], ["LIMIT", 1]]
  Rendering layout layouts/application.html.erb
  Rendering files/index.html.erb within layouts/application
  [1m[36mUploadedFile Load (0.1ms)[0m  [1m[34mSELECT "uploaded_files".* FROM "uploaded_files" WHERE "uploaded_files"."user_id" = ?[0m  [["user_id", 1]]
  ↳ app/views/files/index.html.erb:15
  Rendered files/index.html.erb within layouts/application (Duration: 12.0ms | Allocations: 1264)
  Rendered layout layouts/application.html.erb (Duration: 23.5ms | Allocations: 2836)
Completed 200 OK in 27ms (Views: 23.8ms | ActiveRecord: 0.1ms | Allocations: 4453)


Started GET "/shared/z0OffuhQJGA" for ::1 at 2025-01-13 14:11:57 +0530
Processing by SharedFilesController#show as HTML
  Parameters: {"token"=>"[FILTERED]"}
  [1m[36mUploadedFile Load (0.1ms)[0m  [1m[34mSELECT "uploaded_files".* FROM "uploaded_files" WHERE "uploaded_files"."share_token" = ? LIMIT ?[0m  [["share_token", "[FILTERED]"], ["LIMIT", 1]]
  ↳ app/controllers/shared_files_controller.rb:3:in `show'
  [1m[36mActiveStorage::Attachment Load (0.1ms)[0m  [1m[34mSELECT "active_storage_attachments".* FROM "active_storage_attachments" WHERE "active_storage_attachments"."record_id" = ? AND "active_storage_attachments"."record_type" = ? AND "active_storage_attachments"."name" = ? LIMIT ?[0m  [["record_id", 1], ["record_type", "UploadedFile"], ["name", "file"], ["LIMIT", 1]]
  ↳ app/controllers/shared_files_controller.rb:4:in `show'
  [1m[36mActiveStorage::Blob Load (0.1ms)[0m  [1m[34mSELECT "active_storage_blobs".* FROM "active_storage_blobs" WHERE "active_storage_blobs"."id" = ? LIMIT ?[0m  [["id", 2], ["LIMIT", 1]]
  ↳ app/controllers/shared_files_controller.rb:4:in `show'
[36m  Disk Storage (0.2ms) [0m[34mDownloaded file from key: w6p1mc853zgwdg09lml2k2venzh2[0m
  Rendering text template
  Rendered text template (Duration: 0.0ms | Allocations: 4)
Sent data Sample1 (3.7ms)
Completed 200 OK in 27ms (Views: 0.3ms | ActiveRecord: 0.3ms | Allocations: 2324)


Started GET "/shared/z0OffuhQJGA" for ::1 at 2025-01-13 14:11:57 +0530
Processing by SharedFilesController#show as HTML
  Parameters: {"token"=>"[FILTERED]"}
  [1m[36mUploadedFile Load (0.2ms)[0m  [1m[34mSELECT "uploaded_files".* FROM "uploaded_files" WHERE "uploaded_files"."share_token" = ? LIMIT ?[0m  [["share_token", "[FILTERED]"], ["LIMIT", 1]]
  ↳ app/controllers/shared_files_controller.rb:3:in `show'
  [1m[36mActiveStorage::Attachment Load (0.2ms)[0m  [1m[34mSELECT "active_storage_attachments".* FROM "active_storage_attachments" WHERE "active_storage_attachments"."record_id" = ? AND "active_storage_attachments"."record_type" = ? AND "active_storage_attachments"."name" = ? LIMIT ?[0m  [["record_id", 1], ["record_type", "UploadedFile"], ["name", "file"], ["LIMIT", 1]]
  ↳ app/controllers/shared_files_controller.rb:4:in `show'
  [1m[36mActiveStorage::Blob Load (0.1ms)[0m  [1m[34mSELECT "active_storage_blobs".* FROM "active_storage_blobs" WHERE "active_storage_blobs"."id" = ? LIMIT ?[0m  [["id", 2], ["LIMIT", 1]]
  ↳ app/controllers/shared_files_controller.rb:4:in `show'
[36m  Disk Storage (0.3ms) [0m[34mDownloaded file from key: w6p1mc853zgwdg09lml2k2venzh2[0m
  Rendering text template
  Rendered text template (Duration: 0.0ms | Allocations: 4)
Sent data Sample1 (0.4ms)
Completed 200 OK in 9ms (Views: 0.3ms | ActiveRecord: 0.5ms | Allocations: 2321)


Started DELETE "/files/1" for ::1 at 2025-01-13 14:12:03 +0530
Processing by FilesController#destroy as TURBO_STREAM
  Parameters: {"authenticity_token"=>"[FILTERED]", "id"=>"1"}
  [1m[36mUser Load (0.2ms)[0m  [1m[34mSELECT "users".* FROM "users" WHERE "users"."id" = ? ORDER BY "users"."id" ASC LIMIT ?[0m  [["id", 1], ["LIMIT", 1]]
  [1m[36mUploadedFile Load (0.1ms)[0m  [1m[34mSELECT "uploaded_files".* FROM "uploaded_files" WHERE "uploaded_files"."user_id" = ? AND "uploaded_files"."id" = ? LIMIT ?[0m  [["user_id", 1], ["id", 1], ["LIMIT", 1]]
  ↳ app/controllers/files_controller.rb:61:in `set_file'
  [1m[36mTRANSACTION (0.1ms)[0m  [1m[36mbegin transaction[0m
  ↳ app/controllers/files_controller.rb:35:in `destroy'
  [1m[36mActiveStorage::Attachment Load (0.1ms)[0m  [1m[34mSELECT "active_storage_attachments".* FROM "active_storage_attachments" WHERE "active_storage_attachments"."record_id" = ? AND "active_storage_attachments"."record_type" = ? AND "active_storage_attachments"."name" = ? LIMIT ?[0m  [["record_id", 1], ["record_type", "UploadedFile"], ["name", "file"], ["LIMIT", 1]]
  ↳ app/controllers/files_controller.rb:35:in `destroy'
  [1m[36mActiveStorage::Attachment Destroy (1.2ms)[0m  [1m[31mDELETE FROM "active_storage_attachments" WHERE "active_storage_attachments"."id" = ?[0m  [["id", 2]]
  ↳ app/controllers/files_controller.rb:35:in `destroy'
  [1m[36mUploadedFile Destroy (0.1ms)[0m  [1m[31mDELETE FROM "uploaded_files" WHERE "uploaded_files"."id" = ?[0m  [["id", 1]]
  ↳ app/controllers/files_controller.rb:35:in `destroy'
  [1m[36mTRANSACTION (0.9ms)[0m  [1m[36mcommit transaction[0m
  ↳ app/controllers/files_controller.rb:35:in `destroy'
  [1m[36mActiveStorage::Blob Load (0.1ms)[0m  [1m[34mSELECT "active_storage_blobs".* FROM "active_storage_blobs" WHERE "active_storage_blobs"."id" = ? LIMIT ?[0m  [["id", 2], ["LIMIT", 1]]
  ↳ app/controllers/files_controller.rb:35:in `destroy'
[ActiveJob] Enqueued ActiveStorage::PurgeJob (Job ID: af3ec967-919d-434b-873f-d1ee3a52021f) to Async(default) with arguments: #<GlobalID:0x000000010b7a51f0 @uri=#<URI::GID gid://secure-file-sharing/ActiveStorage::Blob/2>>
Redirected to http://localhost:3000/files
Completed 302 Found in 20ms (ActiveRecord: 2.6ms | Allocations: 7237)


Started GET "/files" for ::1 at 2025-01-13 14:12:03 +0530
[ActiveJob] [ActiveStorage::PurgeJob] [af3ec967-919d-434b-873f-d1ee3a52021f]   [1m[36mActiveStorage::Blob Load (0.1ms)[0m  [1m[34mSELECT "active_storage_blobs".* FROM "active_storage_blobs" WHERE "active_storage_blobs"."id" = ? LIMIT ?[0m  [["id", 2], ["LIMIT", 1]]
[ActiveJob] [ActiveStorage::PurgeJob] [af3ec967-919d-434b-873f-d1ee3a52021f] Performing ActiveStorage::PurgeJob (Job ID: af3ec967-919d-434b-873f-d1ee3a52021f) from Async(default) enqueued at 2025-01-13T08:42:03Z with arguments: #<GlobalID:0x000000010cccd578 @uri=#<URI::GID gid://secure-file-sharing/ActiveStorage::Blob/2>>
[ActiveJob] [ActiveStorage::PurgeJob] [af3ec967-919d-434b-873f-d1ee3a52021f]   [1m[36mTRANSACTION (0.0ms)[0m  [1m[36mbegin transaction[0m
[ActiveJob] [ActiveStorage::PurgeJob] [af3ec967-919d-434b-873f-d1ee3a52021f]   [1m[36mActiveStorage::Attachment Exists? (1.0ms)[0m  [1m[34mSELECT 1 AS one FROM "active_storage_attachments" WHERE "active_storage_attachments"."blob_id" = ? LIMIT ?[0m  [["blob_id", 2], ["LIMIT", 1]]
[ActiveJob] [ActiveStorage::PurgeJob] [af3ec967-919d-434b-873f-d1ee3a52021f]   [1m[36mActiveStorage::VariantRecord Load (0.1ms)[0m  [1m[34mSELECT "active_storage_variant_records".* FROM "active_storage_variant_records" WHERE "active_storage_variant_records"."blob_id" = ?[0m  [["blob_id", 2]]
[ActiveJob] [ActiveStorage::PurgeJob] [af3ec967-919d-434b-873f-d1ee3a52021f]   [1m[36mActiveStorage::Attachment Load (0.0ms)[0m  [1m[34mSELECT "active_storage_attachments".* FROM "active_storage_attachments" WHERE "active_storage_attachments"."record_id" = ? AND "active_storage_attachments"."record_type" = ? AND "active_storage_attachments"."name" = ? LIMIT ?[0m  [["record_id", 2], ["record_type", "ActiveStorage::Blob"], ["name", "preview_image"], ["LIMIT", 1]]
[ActiveJob] [ActiveStorage::PurgeJob] [af3ec967-919d-434b-873f-d1ee3a52021f]   [1m[36mActiveStorage::Blob Destroy (0.4ms)[0m  [1m[31mDELETE FROM "active_storage_blobs" WHERE "active_storage_blobs"."id" = ?[0m  [["id", 2]]
[ActiveJob] [ActiveStorage::PurgeJob] [af3ec967-919d-434b-873f-d1ee3a52021f]   [1m[36mTRANSACTION (0.6ms)[0m  [1m[36mcommit transaction[0m
[ActiveJob] [ActiveStorage::PurgeJob] [af3ec967-919d-434b-873f-d1ee3a52021f] [36m  Disk Storage (0.5ms) [0m[31mDeleted file from key: w6p1mc853zgwdg09lml2k2venzh2[0m
[ActiveJob] [ActiveStorage::PurgeJob] [af3ec967-919d-434b-873f-d1ee3a52021f] Performed ActiveStorage::PurgeJob (Job ID: af3ec967-919d-434b-873f-d1ee3a52021f) from Async(default) in 16.86ms
Processing by FilesController#index as TURBO_STREAM
  [1m[36mUser Load (0.0ms)[0m  [1m[34mSELECT "users".* FROM "users" WHERE "users"."id" = ? ORDER BY "users"."id" ASC LIMIT ?[0m  [["id", 1], ["LIMIT", 1]]
  Rendering layout layouts/application.html.erb
  Rendering files/index.html.erb within layouts/application
  [1m[36mUploadedFile Load (0.0ms)[0m  [1m[34mSELECT "uploaded_files".* FROM "uploaded_files" WHERE "uploaded_files"."user_id" = ?[0m  [["user_id", 1]]
  ↳ app/views/files/index.html.erb:15
  Rendered files/index.html.erb within layouts/application (Duration: 0.5ms | Allocations: 710)
  Rendered layout layouts/application.html.erb (Duration: 2.1ms | Allocations: 2425)
Completed 200 OK in 4ms (Views: 2.3ms | ActiveRecord: 0.1ms | Allocations: 4164)


Started GET "/files/new" for ::1 at 2025-01-13 14:12:04 +0530
Processing by FilesController#new as HTML
  [1m[36mUser Load (0.3ms)[0m  [1m[34mSELECT "users".* FROM "users" WHERE "users"."id" = ? ORDER BY "users"."id" ASC LIMIT ?[0m  [["id", 1], ["LIMIT", 1]]
  Rendering layout layouts/application.html.erb
  Rendering files/new.html.erb within layouts/application
  Rendered files/new.html.erb within layouts/application (Duration: 3.7ms | Allocations: 1443)
  Rendered layout layouts/application.html.erb (Duration: 6.4ms | Allocations: 3010)
Completed 200 OK in 14ms (Views: 7.0ms | ActiveRecord: 0.3ms | Allocations: 4870)


Started GET "/files/new" for ::1 at 2025-01-13 14:12:07 +0530
Processing by FilesController#new as HTML
  [1m[36mUser Load (0.2ms)[0m  [1m[34mSELECT "users".* FROM "users" WHERE "users"."id" = ? ORDER BY "users"."id" ASC LIMIT ?[0m  [["id", 1], ["LIMIT", 1]]
  Rendering layout layouts/application.html.erb
  Rendering files/new.html.erb within layouts/application
  Rendered files/new.html.erb within layouts/application (Duration: 2.0ms | Allocations: 946)
  Rendered layout layouts/application.html.erb (Duration: 6.8ms | Allocations: 2513)
Completed 200 OK in 14ms (Views: 7.7ms | ActiveRecord: 0.2ms | Allocations: 4254)


Started GET "/files" for ::1 at 2025-01-13 14:13:30 +0530
Processing by FilesController#index as HTML
  [1m[36mUser Load (2.1ms)[0m  [1m[34mSELECT "users".* FROM "users" WHERE "users"."id" = ? ORDER BY "users"."id" ASC LIMIT ?[0m  [["id", 1], ["LIMIT", 1]]
  Rendering layout layouts/application.html.erb
  Rendering files/index.html.erb within layouts/application
  [1m[36mUploadedFile Load (0.1ms)[0m  [1m[34mSELECT "uploaded_files".* FROM "uploaded_files" WHERE "uploaded_files"."user_id" = ?[0m  [["user_id", 1]]
  ↳ app/views/files/index.html.erb:22
  Rendered files/index.html.erb within layouts/application (Duration: 5.8ms | Allocations: 1463)
  Rendered layout layouts/application.html.erb (Duration: 44.3ms | Allocations: 5557)
Completed 200 OK in 66ms (Views: 49.4ms | ActiveRecord: 2.2ms | Allocations: 7859)


Started GET "/files/new" for ::1 at 2025-01-13 14:13:34 +0530
Processing by FilesController#new as HTML
  [1m[36mUser Load (0.2ms)[0m  [1m[34mSELECT "users".* FROM "users" WHERE "users"."id" = ? ORDER BY "users"."id" ASC LIMIT ?[0m  [["id", 1], ["LIMIT", 1]]
  Rendering layout layouts/application.html.erb
  Rendering files/new.html.erb within layouts/application
  Rendered files/new.html.erb within layouts/application (Duration: 4.2ms | Allocations: 1400)
  Rendered layout layouts/application.html.erb (Duration: 6.9ms | Allocations: 2703)
Completed 200 OK in 13ms (Views: 7.5ms | ActiveRecord: 0.2ms | Allocations: 4655)


Started GET "/files/new" for ::1 at 2025-01-13 14:15:15 +0530
Processing by FilesController#new as HTML
  [1m[36mUser Load (1.8ms)[0m  [1m[34mSELECT "users".* FROM "users" WHERE "users"."id" = ? ORDER BY "users"."id" ASC LIMIT ?[0m  [["id", 1], ["LIMIT", 1]]
  Rendering layout layouts/application.html.erb
  Rendering files/new.html.erb within layouts/application
  Rendered files/new.html.erb within layouts/application (Duration: 4.4ms | Allocations: 946)
  Rendered layout layouts/application.html.erb (Duration: 8.4ms | Allocations: 2249)
Completed 200 OK in 23ms (Views: 9.5ms | ActiveRecord: 1.8ms | Allocations: 3978)


Started GET "/files" for ::1 at 2025-01-13 14:19:45 +0530
  [1m[36mActiveRecord::SchemaMigration Pluck (0.1ms)[0m  [1m[34mSELECT "schema_migrations"."version" FROM "schema_migrations" ORDER BY "schema_migrations"."version" ASC[0m
Processing by FilesController#index as HTML
  [1m[36mUser Load (0.2ms)[0m  [1m[34mSELECT "users".* FROM "users" WHERE "users"."id" = ? ORDER BY "users"."id" ASC LIMIT ?[0m  [["id", 1], ["LIMIT", 1]]
  Rendering layout layouts/application.html.erb
  Rendering files/index.html.erb within layouts/application
  [1m[36mUploadedFile Load (0.2ms)[0m  [1m[34mSELECT "uploaded_files".* FROM "uploaded_files" WHERE "uploaded_files"."user_id" = ?[0m  [["user_id", 1]]
  ↳ app/views/files/index.html.erb:22
  Rendered files/index.html.erb within layouts/application (Duration: 4.9ms | Allocations: 3577)
  Rendered layout layouts/application.html.erb (Duration: 55.9ms | Allocations: 42019)
Completed 200 OK in 90ms (Views: 57.9ms | ActiveRecord: 0.7ms | Allocations: 60735)


Started GET "/files/new" for ::1 at 2025-01-13 14:19:51 +0530
Processing by FilesController#new as HTML
  [1m[36mUser Load (0.3ms)[0m  [1m[34mSELECT "users".* FROM "users" WHERE "users"."id" = ? ORDER BY "users"."id" ASC LIMIT ?[0m  [["id", 1], ["LIMIT", 1]]
  Rendering layout layouts/application.html.erb
  Rendering files/new.html.erb within layouts/application
  Rendered files/new.html.erb within layouts/application (Duration: 7.7ms | Allocations: 2691)
  Rendered layout layouts/application.html.erb (Duration: 9.8ms | Allocations: 4138)
Completed 200 OK in 27ms (Views: 10.4ms | ActiveRecord: 0.6ms | Allocations: 10960)


Started GET "/files" for ::1 at 2025-01-13 14:20:56 +0530
Processing by FilesController#index as HTML
  [1m[36mUser Load (0.3ms)[0m  [1m[34mSELECT "users".* FROM "users" WHERE "users"."id" = ? ORDER BY "users"."id" ASC LIMIT ?[0m  [["id", 1], ["LIMIT", 1]]
  Rendering layout layouts/application.html.erb
  Rendering files/index.html.erb within layouts/application
  [1m[36mUploadedFile Load (0.1ms)[0m  [1m[34mSELECT "uploaded_files".* FROM "uploaded_files" WHERE "uploaded_files"."user_id" = ?[0m  [["user_id", 1]]
  ↳ app/views/files/index.html.erb:22
  Rendered files/index.html.erb within layouts/application (Duration: 6.1ms | Allocations: 1438)
  Rendered layout layouts/application.html.erb (Duration: 18.7ms | Allocations: 5084)
Completed 200 OK in 30ms (Views: 21.9ms | ActiveRecord: 0.4ms | Allocations: 7618)


Started GET "/" for ::1 at 2025-01-13 14:20:57 +0530
Processing by FilesController#index as HTML
  [1m[36mUser Load (0.2ms)[0m  [1m[34mSELECT "users".* FROM "users" WHERE "users"."id" = ? ORDER BY "users"."id" ASC LIMIT ?[0m  [["id", 1], ["LIMIT", 1]]
  Rendering layout layouts/application.html.erb
  Rendering files/index.html.erb within layouts/application
  [1m[36mUploadedFile Load (0.1ms)[0m  [1m[34mSELECT "uploaded_files".* FROM "uploaded_files" WHERE "uploaded_files"."user_id" = ?[0m  [["user_id", 1]]
  ↳ app/views/files/index.html.erb:22
  Rendered files/index.html.erb within layouts/application (Duration: 1.2ms | Allocations: 686)
  Rendered layout layouts/application.html.erb (Duration: 4.1ms | Allocations: 2299)
Completed 200 OK in 9ms (Views: 4.5ms | ActiveRecord: 0.2ms | Allocations: 3991)


Started GET "/" for ::1 at 2025-01-13 14:20:59 +0530
Processing by FilesController#index as HTML
  [1m[36mUser Load (0.1ms)[0m  [1m[34mSELECT "users".* FROM "users" WHERE "users"."id" = ? ORDER BY "users"."id" ASC LIMIT ?[0m  [["id", 1], ["LIMIT", 1]]
  Rendering layout layouts/application.html.erb
  Rendering files/index.html.erb within layouts/application
  [1m[36mUploadedFile Load (0.1ms)[0m  [1m[34mSELECT "uploaded_files".* FROM "uploaded_files" WHERE "uploaded_files"."user_id" = ?[0m  [["user_id", 1]]
  ↳ app/views/files/index.html.erb:22
  Rendered files/index.html.erb within layouts/application (Duration: 1.2ms | Allocations: 686)
  Rendered layout layouts/application.html.erb (Duration: 4.4ms | Allocations: 2298)
Completed 200 OK in 8ms (Views: 4.7ms | ActiveRecord: 0.2ms | Allocations: 3878)


Started GET "/files" for ::1 at 2025-01-13 14:21:00 +0530
Processing by FilesController#index as HTML
  [1m[36mUser Load (0.2ms)[0m  [1m[34mSELECT "users".* FROM "users" WHERE "users"."id" = ? ORDER BY "users"."id" ASC LIMIT ?[0m  [["id", 1], ["LIMIT", 1]]
  Rendering layout layouts/application.html.erb
  Rendering files/index.html.erb within layouts/application
  [1m[36mUploadedFile Load (0.2ms)[0m  [1m[34mSELECT "uploaded_files".* FROM "uploaded_files" WHERE "uploaded_files"."user_id" = ?[0m  [["user_id", 1]]
  ↳ app/views/files/index.html.erb:22
  Rendered files/index.html.erb within layouts/application (Duration: 2.4ms | Allocations: 687)
  Rendered layout layouts/application.html.erb (Duration: 6.0ms | Allocations: 2300)
Completed 200 OK in 12ms (Views: 6.5ms | ActiveRecord: 0.4ms | Allocations: 3895)


Started GET "/files" for ::1 at 2025-01-13 14:21:00 +0530
Processing by FilesController#index as HTML
  [1m[36mUser Load (0.3ms)[0m  [1m[34mSELECT "users".* FROM "users" WHERE "users"."id" = ? ORDER BY "users"."id" ASC LIMIT ?[0m  [["id", 1], ["LIMIT", 1]]
  Rendering layout layouts/application.html.erb
  Rendering files/index.html.erb within layouts/application
  [1m[36mUploadedFile Load (0.2ms)[0m  [1m[34mSELECT "uploaded_files".* FROM "uploaded_files" WHERE "uploaded_files"."user_id" = ?[0m  [["user_id", 1]]
  ↳ app/views/files/index.html.erb:22
  Rendered files/index.html.erb within layouts/application (Duration: 2.5ms | Allocations: 687)
  Rendered layout layouts/application.html.erb (Duration: 5.8ms | Allocations: 2300)
Completed 200 OK in 12ms (Views: 6.4ms | ActiveRecord: 0.5ms | Allocations: 3898)


Started GET "/files" for ::1 at 2025-01-13 14:22:26 +0530
Processing by FilesController#index as HTML
  [1m[36mUser Load (0.2ms)[0m  [1m[34mSELECT "users".* FROM "users" WHERE "users"."id" = ? ORDER BY "users"."id" ASC LIMIT ?[0m  [["id", 1], ["LIMIT", 1]]
  Rendering layout layouts/application.html.erb
  Rendering files/index.html.erb within layouts/application
  [1m[36mUploadedFile Load (0.1ms)[0m  [1m[34mSELECT "uploaded_files".* FROM "uploaded_files" WHERE "uploaded_files"."user_id" = ?[0m  [["user_id", 1]]
  ↳ app/views/files/index.html.erb:22
  Rendered files/index.html.erb within layouts/application (Duration: 4.9ms | Allocations: 1437)
  Rendered layout layouts/application.html.erb (Duration: 27.2ms | Allocations: 5061)
Completed 200 OK in 39ms (Views: 30.3ms | ActiveRecord: 0.4ms | Allocations: 7348)


Started DELETE "/users/sign_out" for ::1 at 2025-01-13 14:22:29 +0530
Processing by Devise::SessionsController#destroy as TURBO_STREAM
  Parameters: {"authenticity_token"=>"[FILTERED]"}
  [1m[36mUser Load (0.1ms)[0m  [1m[34mSELECT "users".* FROM "users" WHERE "users"."id" = ? ORDER BY "users"."id" ASC LIMIT ?[0m  [["id", 1], ["LIMIT", 1]]
Redirected to http://localhost:3000/
Completed 303 See Other in 11ms (ActiveRecord: 0.1ms | Allocations: 3500)


Started GET "/" for ::1 at 2025-01-13 14:22:29 +0530
Processing by FilesController#index as TURBO_STREAM
Completed 401 Unauthorized in 2ms (ActiveRecord: 0.0ms | Allocations: 413)


Started GET "/users/sign_in" for ::1 at 2025-01-13 14:22:29 +0530
Processing by Devise::SessionsController#new as TURBO_STREAM
  Rendering layout layouts/application.html.erb
  Rendering devise/sessions/new.html.erb within layouts/application
  Rendered devise/shared/_links.html.erb (Duration: 1.0ms | Allocations: 767)
  Rendered devise/sessions/new.html.erb within layouts/application (Duration: 5.3ms | Allocations: 2869)
  Rendered layout layouts/application.html.erb (Duration: 6.5ms | Allocations: 4423)
Completed 200 OK in 10ms (Views: 8.0ms | ActiveRecord: 0.0ms | Allocations: 5900)


Started GET "/users/password/new" for ::1 at 2025-01-13 14:22:38 +0530
Processing by Devise::PasswordsController#new as HTML
  Rendering layout layouts/application.html.erb
  Rendering devise/passwords/new.html.erb within layouts/application
  Rendered devise/shared/_error_messages.html.erb (Duration: 0.9ms | Allocations: 215)
  Rendered devise/shared/_links.html.erb (Duration: 0.4ms | Allocations: 213)
  Rendered devise/passwords/new.html.erb within layouts/application (Duration: 4.4ms | Allocations: 1673)
  Rendered layout layouts/application.html.erb (Duration: 6.8ms | Allocations: 3232)
Completed 200 OK in 10ms (Views: 8.6ms | ActiveRecord: 0.0ms | Allocations: 4491)


Started POST "/users/password" for ::1 at 2025-01-13 14:22:43 +0530
Processing by Devise::PasswordsController#create as TURBO_STREAM
  Parameters: {"authenticity_token"=>"[FILTERED]", "user"=>{"email"=>"abhisheksharmaab7979@gmail.com"}, "commit"=>"Send me reset password instructions"}
  [1m[36mUser Load (1.0ms)[0m  [1m[34mSELECT "users".* FROM "users" WHERE "users"."email" = ? ORDER BY "users"."id" ASC LIMIT ?[0m  [["email", "abhisheksharmaab7979@gmail.com"], ["LIMIT", 1]]
  [1m[36mUser Load (1.5ms)[0m  [1m[34mSELECT "users".* FROM "users" WHERE "users"."reset_password_token" = ? ORDER BY "users"."id" ASC LIMIT ?[0m  [["reset_password_token", "[FILTERED]"], ["LIMIT", 1]]
  [1m[36mTRANSACTION (0.0ms)[0m  [1m[36mbegin transaction[0m
  [1m[36mUser Update (2.0ms)[0m  [1m[33mUPDATE "users" SET "reset_password_token" = ?, "reset_password_sent_at" = ?, "updated_at" = ? WHERE "users"."id" = ?[0m  [["reset_password_token", "[FILTERED]"], ["reset_password_sent_at", "[FILTERED]"], ["updated_at", "2025-01-13 08:52:43.681368"], ["id", 1]]
  [1m[36mTRANSACTION (0.6ms)[0m  [1m[36mcommit transaction[0m
  Rendering devise/mailer/reset_password_instructions.html.erb
  Rendered devise/mailer/reset_password_instructions.html.erb (Duration: 1.6ms | Allocations: 1706)
Devise::Mailer#reset_password_instructions: processed outbound mail in 8.2ms
Completed 500 Internal Server Error in 148ms (ActiveRecord: 5.2ms | Allocations: 24903)


  
ActionView::Template::Error (Missing host to link to! Please provide the :host parameter, set default_url_options[:host], or set :only_path to true):
    2: 
    3: <p>Someone has requested a link to change your password. You can do this through the link below.</p>
    4: 
    5: <p><%= link_to 'Change my password', edit_password_url(@resource, reset_password_token: @token) %></p>
    6: 
    7: <p>If you didn't request this, please ignore this email.</p>
    8: <p>Your password won't change until you access the link above and create a new one.</p>
  
app/views/devise/mailer/reset_password_instructions.html.erb:5
Started GET "/users/password/new" for ::1 at 2025-01-13 14:28:50 +0530
  [1m[36mActiveRecord::SchemaMigration Pluck (0.1ms)[0m  [1m[34mSELECT "schema_migrations"."version" FROM "schema_migrations" ORDER BY "schema_migrations"."version" ASC[0m
Processing by Devise::PasswordsController#new as HTML
  Rendering layout layouts/application.html.erb
  Rendering devise/passwords/new.html.erb within layouts/application
  Rendered devise/shared/_error_messages.html.erb (Duration: 0.4ms | Allocations: 262)
  Rendered devise/shared/_links.html.erb (Duration: 0.7ms | Allocations: 759)
  Rendered devise/passwords/new.html.erb within layouts/application (Duration: 4.9ms | Allocations: 3867)
  Rendered layout layouts/application.html.erb (Duration: 63.4ms | Allocations: 43561)
Completed 200 OK in 82ms (Views: 65.7ms | ActiveRecord: 0.2ms | Allocations: 55139)


Started POST "/users/password" for ::1 at 2025-01-13 14:28:55 +0530
Processing by Devise::PasswordsController#create as TURBO_STREAM
  Parameters: {"authenticity_token"=>"[FILTERED]", "user"=>{"email"=>"abhisheksharmaab7979@gmail.com"}, "commit"=>"Send me reset password instructions"}
  [1m[36mUser Load (0.4ms)[0m  [1m[34mSELECT "users".* FROM "users" WHERE "users"."email" = ? ORDER BY "users"."id" ASC LIMIT ?[0m  [["email", "abhisheksharmaab7979@gmail.com"], ["LIMIT", 1]]
  [1m[36mUser Load (1.2ms)[0m  [1m[34mSELECT "users".* FROM "users" WHERE "users"."reset_password_token" = ? ORDER BY "users"."id" ASC LIMIT ?[0m  [["reset_password_token", "[FILTERED]"], ["LIMIT", 1]]
  [1m[36mTRANSACTION (0.0ms)[0m  [1m[36mbegin transaction[0m
  [1m[36mUser Update (1.4ms)[0m  [1m[33mUPDATE "users" SET "reset_password_token" = ?, "reset_password_sent_at" = ?, "updated_at" = ? WHERE "users"."id" = ?[0m  [["reset_password_token", "[FILTERED]"], ["reset_password_sent_at", "[FILTERED]"], ["updated_at", "2025-01-13 08:58:55.805072"], ["id", 1]]
  [1m[36mTRANSACTION (0.6ms)[0m  [1m[36mcommit transaction[0m
  Rendering devise/mailer/reset_password_instructions.html.erb
  Rendered devise/mailer/reset_password_instructions.html.erb (Duration: 0.6ms | Allocations: 395)
Devise::Mailer#reset_password_instructions: processed outbound mail in 9.2ms
Delivered mail 6784d5cfcb904_45e442a41000c5@AINL0092.mail (28.0ms)
Date: Mon, 13 Jan 2025 14:28:55 +0530
From: please-change-me-at-config-initializers-devise@example.com
Reply-To: please-change-me-at-config-initializers-devise@example.com
To: abhisheksharmaab7979@gmail.com
Message-ID: <6784d5cfcb904_45e442a41000c5@AINL0092.mail>
Subject: Reset password instructions
Mime-Version: 1.0
Content-Type: text/html;
 charset=UTF-8
Content-Transfer-Encoding: 7bit

<p>Hello abhisheksharmaab7979@gmail.com!</p>

<p>Someone has requested a link to change your password. You can do this through the link below.</p>

<p><a href="http://localhost:3000/users/password/edit?reset_password_token=zJWkLN1c6f-9qbzb9Ajp">Change my password</a></p>

<p>If you didn't request this, please ignore this email.</p>
<p>Your password won't change until you access the link above and create a new one.</p>

Redirected to http://localhost:3000/users/sign_in
Completed 303 See Other in 144ms (ActiveRecord: 3.7ms | Allocations: 36317)


Started GET "/users/sign_in" for ::1 at 2025-01-13 14:28:55 +0530
Processing by Devise::SessionsController#new as TURBO_STREAM
  Rendering layout layouts/application.html.erb
  Rendering devise/sessions/new.html.erb within layouts/application
  Rendered devise/shared/_links.html.erb (Duration: 0.2ms | Allocations: 260)
  Rendered devise/sessions/new.html.erb within layouts/application (Duration: 3.2ms | Allocations: 2128)
  Rendered layout layouts/application.html.erb (Duration: 4.4ms | Allocations: 4046)
Completed 200 OK in 6ms (Views: 5.1ms | ActiveRecord: 0.0ms | Allocations: 5644)


Started GET "/users/sign_up" for ::1 at 2025-01-13 14:29:20 +0530
Processing by Devise::RegistrationsController#new as HTML
  Rendering layout layouts/application.html.erb
  Rendering devise/registrations/new.html.erb within layouts/application
  Rendered devise/shared/_error_messages.html.erb (Duration: 0.1ms | Allocations: 18)
  Rendered devise/shared/_links.html.erb (Duration: 0.3ms | Allocations: 108)
  Rendered devise/registrations/new.html.erb within layouts/application (Duration: 6.6ms | Allocations: 1360)
  Rendered layout layouts/application.html.erb (Duration: 9.3ms | Allocations: 3261)
Completed 200 OK in 16ms (Views: 12.1ms | ActiveRecord: 0.0ms | Allocations: 4571)


Started GET "/users/sign_in" for ::1 at 2025-01-13 14:29:22 +0530
Processing by Devise::SessionsController#new as HTML
  Rendering layout layouts/application.html.erb
  Rendering devise/sessions/new.html.erb within layouts/application
  Rendered devise/shared/_links.html.erb (Duration: 0.3ms | Allocations: 153)
  Rendered devise/sessions/new.html.erb within layouts/application (Duration: 2.6ms | Allocations: 1033)
  Rendered layout layouts/application.html.erb (Duration: 7.0ms | Allocations: 2718)
Completed 200 OK in 10ms (Views: 8.0ms | ActiveRecord: 0.0ms | Allocations: 3429)


Started GET "/users/password/new" for ::1 at 2025-01-13 14:29:24 +0530
Processing by Devise::PasswordsController#new as HTML
  Rendering layout layouts/application.html.erb
  Rendering devise/passwords/new.html.erb within layouts/application
  Rendered devise/shared/_error_messages.html.erb (Duration: 0.0ms | Allocations: 14)
  Rendered devise/shared/_links.html.erb (Duration: 0.2ms | Allocations: 139)
  Rendered devise/passwords/new.html.erb within layouts/application (Duration: 1.6ms | Allocations: 797)
  Rendered layout layouts/application.html.erb (Duration: 4.3ms | Allocations: 2482)
Completed 200 OK in 7ms (Views: 4.9ms | ActiveRecord: 0.0ms | Allocations: 3041)


Started GET "/users/sign_in" for ::1 at 2025-01-13 14:29:26 +0530
Processing by Devise::SessionsController#new as HTML
  Rendering layout layouts/application.html.erb
  Rendering devise/sessions/new.html.erb within layouts/application
  Rendered devise/shared/_links.html.erb (Duration: 0.2ms | Allocations: 153)
  Rendered devise/sessions/new.html.erb within layouts/application (Duration: 1.7ms | Allocations: 990)
  Rendered layout layouts/application.html.erb (Duration: 5.1ms | Allocations: 2674)
Completed 200 OK in 8ms (Views: 5.8ms | ActiveRecord: 0.0ms | Allocations: 3298)


Started POST "/users/password" for ::1 at 2025-01-13 14:29:29 +0530
Processing by Devise::PasswordsController#create as TURBO_STREAM
  Parameters: {"authenticity_token"=>"[FILTERED]", "user"=>{"email"=>"abhisheksharmaab7979@gmail.com"}, "commit"=>"Send me reset password instructions"}
  [1m[36mUser Load (0.4ms)[0m  [1m[34mSELECT "users".* FROM "users" WHERE "users"."email" = ? ORDER BY "users"."id" ASC LIMIT ?[0m  [["email", "abhisheksharmaab7979@gmail.com"], ["LIMIT", 1]]
  [1m[36mUser Load (0.1ms)[0m  [1m[34mSELECT "users".* FROM "users" WHERE "users"."reset_password_token" = ? ORDER BY "users"."id" ASC LIMIT ?[0m  [["reset_password_token", "[FILTERED]"], ["LIMIT", 1]]
  [1m[36mTRANSACTION (0.1ms)[0m  [1m[36mbegin transaction[0m
  [1m[36mUser Update (0.9ms)[0m  [1m[33mUPDATE "users" SET "reset_password_token" = ?, "reset_password_sent_at" = ?, "updated_at" = ? WHERE "users"."id" = ?[0m  [["reset_password_token", "[FILTERED]"], ["reset_password_sent_at", "[FILTERED]"], ["updated_at", "2025-01-13 08:59:29.897554"], ["id", 1]]
  [1m[36mTRANSACTION (1.4ms)[0m  [1m[36mcommit transaction[0m
  Rendering devise/mailer/reset_password_instructions.html.erb
  Rendered devise/mailer/reset_password_instructions.html.erb (Duration: 0.3ms | Allocations: 87)
Devise::Mailer#reset_password_instructions: processed outbound mail in 2.3ms
Delivered mail 6784d5f1dd980_45e442a41001ba@AINL0092.mail (4.7ms)
Date: Mon, 13 Jan 2025 14:29:29 +0530
From: please-change-me-at-config-initializers-devise@example.com
Reply-To: please-change-me-at-config-initializers-devise@example.com
To: abhisheksharmaab7979@gmail.com
Message-ID: <6784d5f1dd980_45e442a41001ba@AINL0092.mail>
Subject: Reset password instructions
Mime-Version: 1.0
Content-Type: text/html;
 charset=UTF-8
Content-Transfer-Encoding: 7bit

<p>Hello abhisheksharmaab7979@gmail.com!</p>

<p>Someone has requested a link to change your password. You can do this through the link below.</p>

<p><a href="http://localhost:3000/users/password/edit?reset_password_token=5rs9AwsnEsy2GQ6BysJg">Change my password</a></p>

<p>If you didn't request this, please ignore this email.</p>
<p>Your password won't change until you access the link above and create a new one.</p>

Redirected to http://localhost:3000/users/sign_in
Completed 303 See Other in 24ms (ActiveRecord: 2.8ms | Allocations: 11966)


Started GET "/users/sign_in" for ::1 at 2025-01-13 14:29:29 +0530
Processing by Devise::SessionsController#new as TURBO_STREAM
  Rendering layout layouts/application.html.erb
  Rendering devise/sessions/new.html.erb within layouts/application
  Rendered devise/shared/_links.html.erb (Duration: 0.2ms | Allocations: 153)
  Rendered devise/sessions/new.html.erb within layouts/application (Duration: 1.1ms | Allocations: 990)
  Rendered layout layouts/application.html.erb (Duration: 3.4ms | Allocations: 2687)
Completed 200 OK in 5ms (Views: 3.8ms | ActiveRecord: 0.0ms | Allocations: 3349)


Started POST "/users/sign_in" for ::1 at 2025-01-13 14:29:56 +0530
Processing by Devise::SessionsController#create as TURBO_STREAM
  Parameters: {"authenticity_token"=>"[FILTERED]", "user"=>{"email"=>"abhi1234@gmail.com", "password"=>"[FILTERED]", "remember_me"=>"0"}, "commit"=>"Sign in"}
  [1m[36mUser Load (0.2ms)[0m  [1m[34mSELECT "users".* FROM "users" WHERE "users"."email" = ? ORDER BY "users"."id" ASC LIMIT ?[0m  [["email", "abhi1234@gmail.com"], ["LIMIT", 1]]
Completed 401 Unauthorized in 6ms (ActiveRecord: 0.2ms | Allocations: 1520)


Processing by Devise::SessionsController#new as TURBO_STREAM
  Parameters: {"authenticity_token"=>"[FILTERED]", "user"=>{"email"=>"abhi1234@gmail.com", "password"=>"[FILTERED]", "remember_me"=>"0"}, "commit"=>"Sign in"}
  Rendering layout layouts/application.html.erb
  Rendering devise/sessions/new.html.erb within layouts/application
  Rendered devise/shared/_links.html.erb (Duration: 0.2ms | Allocations: 156)
  Rendered devise/sessions/new.html.erb within layouts/application (Duration: 1.4ms | Allocations: 1121)
  Rendered layout layouts/application.html.erb (Duration: 4.4ms | Allocations: 2899)
Completed 200 OK in 287ms (Views: 5.0ms | ActiveRecord: 0.0ms | Allocations: 6255)


Started POST "/users/sign_in" for ::1 at 2025-01-13 14:30:02 +0530
Processing by Devise::SessionsController#create as TURBO_STREAM
  Parameters: {"authenticity_token"=>"[FILTERED]", "user"=>{"email"=>"abhisheksharmaab7979@gmail.com", "password"=>"[FILTERED]", "remember_me"=>"0"}, "commit"=>"Sign in"}
  [1m[36mUser Load (0.5ms)[0m  [1m[34mSELECT "users".* FROM "users" WHERE "users"."email" = ? ORDER BY "users"."id" ASC LIMIT ?[0m  [["email", "abhisheksharmaab7979@gmail.com"], ["LIMIT", 1]]
Redirected to http://localhost:3000/
Completed 303 See Other in 287ms (ActiveRecord: 0.5ms | Allocations: 2796)


Started GET "/" for ::1 at 2025-01-13 14:30:02 +0530
Processing by FilesController#index as TURBO_STREAM
  [1m[36mUser Load (0.1ms)[0m  [1m[34mSELECT "users".* FROM "users" WHERE "users"."id" = ? ORDER BY "users"."id" ASC LIMIT ?[0m  [["id", 1], ["LIMIT", 1]]
  Rendering layout layouts/application.html.erb
  Rendering files/index.html.erb within layouts/application
  [1m[36mUploadedFile Load (0.3ms)[0m  [1m[34mSELECT "uploaded_files".* FROM "uploaded_files" WHERE "uploaded_files"."user_id" = ?[0m  [["user_id", 1]]
  ↳ app/views/files/index.html.erb:22
  Rendered files/index.html.erb within layouts/application (Duration: 4.5ms | Allocations: 3269)
  Rendered layout layouts/application.html.erb (Duration: 6.4ms | Allocations: 5530)
Completed 200 OK in 58ms (Views: 13.4ms | ActiveRecord: 0.6ms | Allocations: 11658)


Started GET "/files" for ::1 at 2025-01-13 14:30:06 +0530
Processing by FilesController#index as HTML
  [1m[36mUser Load (0.1ms)[0m  [1m[34mSELECT "users".* FROM "users" WHERE "users"."id" = ? ORDER BY "users"."id" ASC LIMIT ?[0m  [["id", 1], ["LIMIT", 1]]
  Rendering layout layouts/application.html.erb
  Rendering files/index.html.erb within layouts/application
  [1m[36mUploadedFile Load (0.1ms)[0m  [1m[34mSELECT "uploaded_files".* FROM "uploaded_files" WHERE "uploaded_files"."user_id" = ?[0m  [["user_id", 1]]
  ↳ app/views/files/index.html.erb:22
  Rendered files/index.html.erb within layouts/application (Duration: 1.1ms | Allocations: 691)
  Rendered layout layouts/application.html.erb (Duration: 3.9ms | Allocations: 2645)
Completed 200 OK in 8ms (Views: 4.2ms | ActiveRecord: 0.2ms | Allocations: 4366)


Started GET "/" for ::1 at 2025-01-13 14:30:07 +0530
Processing by FilesController#index as HTML
  [1m[36mUser Load (0.3ms)[0m  [1m[34mSELECT "users".* FROM "users" WHERE "users"."id" = ? ORDER BY "users"."id" ASC LIMIT ?[0m  [["id", 1], ["LIMIT", 1]]
  Rendering layout layouts/application.html.erb
  Rendering files/index.html.erb within layouts/application
  [1m[36mUploadedFile Load (0.1ms)[0m  [1m[34mSELECT "uploaded_files".* FROM "uploaded_files" WHERE "uploaded_files"."user_id" = ?[0m  [["user_id", 1]]
  ↳ app/views/files/index.html.erb:22
  Rendered files/index.html.erb within layouts/application (Duration: 1.6ms | Allocations: 687)
  Rendered layout layouts/application.html.erb (Duration: 5.6ms | Allocations: 2640)
Completed 200 OK in 11ms (Views: 6.1ms | ActiveRecord: 0.4ms | Allocations: 4224)


Started GET "/files" for ::1 at 2025-01-13 14:30:08 +0530
Processing by FilesController#index as HTML
  [1m[36mUser Load (0.2ms)[0m  [1m[34mSELECT "users".* FROM "users" WHERE "users"."id" = ? ORDER BY "users"."id" ASC LIMIT ?[0m  [["id", 1], ["LIMIT", 1]]
  Rendering layout layouts/application.html.erb
  Rendering files/index.html.erb within layouts/application
  [1m[36mUploadedFile Load (0.1ms)[0m  [1m[34mSELECT "uploaded_files".* FROM "uploaded_files" WHERE "uploaded_files"."user_id" = ?[0m  [["user_id", 1]]
  ↳ app/views/files/index.html.erb:22
  Rendered files/index.html.erb within layouts/application (Duration: 2.0ms | Allocations: 687)
  Rendered layout layouts/application.html.erb (Duration: 5.7ms | Allocations: 2640)
Completed 200 OK in 11ms (Views: 6.2ms | ActiveRecord: 0.4ms | Allocations: 4263)


Started GET "/files/new" for ::1 at 2025-01-13 14:30:11 +0530
Processing by FilesController#new as HTML
  [1m[36mUser Load (0.1ms)[0m  [1m[34mSELECT "users".* FROM "users" WHERE "users"."id" = ? ORDER BY "users"."id" ASC LIMIT ?[0m  [["id", 1], ["LIMIT", 1]]
  Rendering layout layouts/application.html.erb
  Rendering files/new.html.erb within layouts/application
  Rendered files/new.html.erb within layouts/application (Duration: 4.2ms | Allocations: 1986)
  Rendered layout layouts/application.html.erb (Duration: 6.5ms | Allocations: 4098)
Completed 200 OK in 18ms (Views: 6.8ms | ActiveRecord: 0.3ms | Allocations: 10627)


Started GET "/files" for ::1 at 2025-01-13 14:40:52 +0530
  [1m[36mActiveRecord::SchemaMigration Pluck (0.1ms)[0m  [1m[34mSELECT "schema_migrations"."version" FROM "schema_migrations" ORDER BY "schema_migrations"."version" ASC[0m
  [1m[36mCACHE ActiveRecord::SchemaMigration Pluck (0.0ms)[0m  [1m[34mSELECT "schema_migrations"."version" FROM "schema_migrations" ORDER BY "schema_migrations"."version" ASC[0m
  
ActiveRecord::PendingMigrationError (

Migrations are pending. To resolve this issue, run:

        bin/rails db:migrate RAILS_ENV=development

You have 1 pending migration:

20250113090221_add_share_token_to_uploaded_files.rb


):
  
activerecord (7.0.8.7) lib/active_record/migration.rb:662:in `check_pending!'
activerecord (7.0.8.7) lib/active_record/migration.rb:627:in `block (2 levels) in call'
activesupport (7.0.8.7) lib/active_support/file_update_checker.rb:83:in `execute'
activerecord (7.0.8.7) lib/active_record/migration.rb:632:in `block in call'
activerecord (7.0.8.7) lib/active_record/migration.rb:624:in `synchronize'
activerecord (7.0.8.7) lib/active_record/migration.rb:624:in `call'
actionpack (7.0.8.7) lib/action_dispatch/middleware/callbacks.rb:27:in `block in call'
activesupport (7.0.8.7) lib/active_support/callbacks.rb:99:in `run_callbacks'
actionpack (7.0.8.7) lib/action_dispatch/middleware/callbacks.rb:26:in `call'
actionpack (7.0.8.7) lib/action_dispatch/middleware/executor.rb:14:in `call'
actionpack (7.0.8.7) lib/action_dispatch/middleware/actionable_exceptions.rb:17:in `call'
actionpack (7.0.8.7) lib/action_dispatch/middleware/debug_exceptions.rb:28:in `call'
web-console (4.2.1) lib/web_console/middleware.rb:132:in `call_app'
web-console (4.2.1) lib/web_console/middleware.rb:28:in `block in call'
web-console (4.2.1) lib/web_console/middleware.rb:17:in `catch'
web-console (4.2.1) lib/web_console/middleware.rb:17:in `call'
actionpack (7.0.8.7) lib/action_dispatch/middleware/show_exceptions.rb:29:in `call'
railties (7.0.8.7) lib/rails/rack/logger.rb:40:in `call_app'
railties (7.0.8.7) lib/rails/rack/logger.rb:25:in `block in call'
activesupport (7.0.8.7) lib/active_support/tagged_logging.rb:99:in `block in tagged'
activesupport (7.0.8.7) lib/active_support/tagged_logging.rb:37:in `tagged'
activesupport (7.0.8.7) lib/active_support/tagged_logging.rb:99:in `tagged'
railties (7.0.8.7) lib/rails/rack/logger.rb:25:in `call'
sprockets-rails (3.5.2) lib/sprockets/rails/quiet_assets.rb:17:in `call'
actionpack (7.0.8.7) lib/action_dispatch/middleware/remote_ip.rb:93:in `call'
actionpack (7.0.8.7) lib/action_dispatch/middleware/request_id.rb:26:in `call'
rack (2.2.10) lib/rack/method_override.rb:24:in `call'
rack (2.2.10) lib/rack/runtime.rb:22:in `call'
activesupport (7.0.8.7) lib/active_support/cache/strategy/local_cache_middleware.rb:29:in `call'
actionpack (7.0.8.7) lib/action_dispatch/middleware/server_timing.rb:61:in `block in call'
actionpack (7.0.8.7) lib/action_dispatch/middleware/server_timing.rb:26:in `collect_events'
actionpack (7.0.8.7) lib/action_dispatch/middleware/server_timing.rb:60:in `call'
actionpack (7.0.8.7) lib/action_dispatch/middleware/executor.rb:14:in `call'
actionpack (7.0.8.7) lib/action_dispatch/middleware/static.rb:23:in `call'
rack (2.2.10) lib/rack/sendfile.rb:110:in `call'
actionpack (7.0.8.7) lib/action_dispatch/middleware/host_authorization.rb:138:in `call'
railties (7.0.8.7) lib/rails/engine.rb:530:in `call'
puma (5.6.9) lib/puma/configuration.rb:252:in `call'
puma (5.6.9) lib/puma/request.rb:77:in `block in handle_request'
puma (5.6.9) lib/puma/thread_pool.rb:340:in `with_force_shutdown'
puma (5.6.9) lib/puma/request.rb:76:in `handle_request'
puma (5.6.9) lib/puma/server.rb:443:in `process_client'
puma (5.6.9) lib/puma/thread_pool.rb:147:in `block in spawn_thread'
Started GET "/files" for ::1 at 2025-01-13 14:40:54 +0530
  [1m[36mActiveRecord::SchemaMigration Pluck (0.2ms)[0m  [1m[34mSELECT "schema_migrations"."version" FROM "schema_migrations" ORDER BY "schema_migrations"."version" ASC[0m
  [1m[36mCACHE ActiveRecord::SchemaMigration Pluck (0.0ms)[0m  [1m[34mSELECT "schema_migrations"."version" FROM "schema_migrations" ORDER BY "schema_migrations"."version" ASC[0m
  
ActiveRecord::PendingMigrationError (

Migrations are pending. To resolve this issue, run:

        bin/rails db:migrate RAILS_ENV=development

You have 1 pending migration:

20250113090221_add_share_token_to_uploaded_files.rb


):
  
activerecord (7.0.8.7) lib/active_record/migration.rb:662:in `check_pending!'
activerecord (7.0.8.7) lib/active_record/migration.rb:627:in `block (2 levels) in call'
activesupport (7.0.8.7) lib/active_support/file_update_checker.rb:83:in `execute'
activerecord (7.0.8.7) lib/active_record/migration.rb:632:in `block in call'
activerecord (7.0.8.7) lib/active_record/migration.rb:624:in `synchronize'
activerecord (7.0.8.7) lib/active_record/migration.rb:624:in `call'
actionpack (7.0.8.7) lib/action_dispatch/middleware/callbacks.rb:27:in `block in call'
activesupport (7.0.8.7) lib/active_support/callbacks.rb:99:in `run_callbacks'
actionpack (7.0.8.7) lib/action_dispatch/middleware/callbacks.rb:26:in `call'
actionpack (7.0.8.7) lib/action_dispatch/middleware/executor.rb:14:in `call'
actionpack (7.0.8.7) lib/action_dispatch/middleware/actionable_exceptions.rb:17:in `call'
actionpack (7.0.8.7) lib/action_dispatch/middleware/debug_exceptions.rb:28:in `call'
web-console (4.2.1) lib/web_console/middleware.rb:132:in `call_app'
web-console (4.2.1) lib/web_console/middleware.rb:28:in `block in call'
web-console (4.2.1) lib/web_console/middleware.rb:17:in `catch'
web-console (4.2.1) lib/web_console/middleware.rb:17:in `call'
actionpack (7.0.8.7) lib/action_dispatch/middleware/show_exceptions.rb:29:in `call'
railties (7.0.8.7) lib/rails/rack/logger.rb:40:in `call_app'
railties (7.0.8.7) lib/rails/rack/logger.rb:25:in `block in call'
activesupport (7.0.8.7) lib/active_support/tagged_logging.rb:99:in `block in tagged'
activesupport (7.0.8.7) lib/active_support/tagged_logging.rb:37:in `tagged'
activesupport (7.0.8.7) lib/active_support/tagged_logging.rb:99:in `tagged'
railties (7.0.8.7) lib/rails/rack/logger.rb:25:in `call'
sprockets-rails (3.5.2) lib/sprockets/rails/quiet_assets.rb:17:in `call'
actionpack (7.0.8.7) lib/action_dispatch/middleware/remote_ip.rb:93:in `call'
actionpack (7.0.8.7) lib/action_dispatch/middleware/request_id.rb:26:in `call'
rack (2.2.10) lib/rack/method_override.rb:24:in `call'
rack (2.2.10) lib/rack/runtime.rb:22:in `call'
activesupport (7.0.8.7) lib/active_support/cache/strategy/local_cache_middleware.rb:29:in `call'
actionpack (7.0.8.7) lib/action_dispatch/middleware/server_timing.rb:61:in `block in call'
actionpack (7.0.8.7) lib/action_dispatch/middleware/server_timing.rb:26:in `collect_events'
actionpack (7.0.8.7) lib/action_dispatch/middleware/server_timing.rb:60:in `call'
actionpack (7.0.8.7) lib/action_dispatch/middleware/executor.rb:14:in `call'
actionpack (7.0.8.7) lib/action_dispatch/middleware/static.rb:23:in `call'
rack (2.2.10) lib/rack/sendfile.rb:110:in `call'
actionpack (7.0.8.7) lib/action_dispatch/middleware/host_authorization.rb:138:in `call'
railties (7.0.8.7) lib/rails/engine.rb:530:in `call'
puma (5.6.9) lib/puma/configuration.rb:252:in `call'
puma (5.6.9) lib/puma/request.rb:77:in `block in handle_request'
puma (5.6.9) lib/puma/thread_pool.rb:340:in `with_force_shutdown'
puma (5.6.9) lib/puma/request.rb:76:in `handle_request'
puma (5.6.9) lib/puma/server.rb:443:in `process_client'
puma (5.6.9) lib/puma/thread_pool.rb:147:in `block in spawn_thread'
Started GET "/files" for ::1 at 2025-01-13 14:40:55 +0530
  [1m[36mActiveRecord::SchemaMigration Pluck (0.1ms)[0m  [1m[34mSELECT "schema_migrations"."version" FROM "schema_migrations" ORDER BY "schema_migrations"."version" ASC[0m
  [1m[36mCACHE ActiveRecord::SchemaMigration Pluck (0.0ms)[0m  [1m[34mSELECT "schema_migrations"."version" FROM "schema_migrations" ORDER BY "schema_migrations"."version" ASC[0m
  
ActiveRecord::PendingMigrationError (

Migrations are pending. To resolve this issue, run:

        bin/rails db:migrate RAILS_ENV=development

You have 1 pending migration:

20250113090221_add_share_token_to_uploaded_files.rb


):
  
activerecord (7.0.8.7) lib/active_record/migration.rb:662:in `check_pending!'
activerecord (7.0.8.7) lib/active_record/migration.rb:627:in `block (2 levels) in call'
activesupport (7.0.8.7) lib/active_support/file_update_checker.rb:83:in `execute'
activerecord (7.0.8.7) lib/active_record/migration.rb:632:in `block in call'
activerecord (7.0.8.7) lib/active_record/migration.rb:624:in `synchronize'
activerecord (7.0.8.7) lib/active_record/migration.rb:624:in `call'
actionpack (7.0.8.7) lib/action_dispatch/middleware/callbacks.rb:27:in `block in call'
activesupport (7.0.8.7) lib/active_support/callbacks.rb:99:in `run_callbacks'
actionpack (7.0.8.7) lib/action_dispatch/middleware/callbacks.rb:26:in `call'
actionpack (7.0.8.7) lib/action_dispatch/middleware/executor.rb:14:in `call'
actionpack (7.0.8.7) lib/action_dispatch/middleware/actionable_exceptions.rb:17:in `call'
actionpack (7.0.8.7) lib/action_dispatch/middleware/debug_exceptions.rb:28:in `call'
web-console (4.2.1) lib/web_console/middleware.rb:132:in `call_app'
web-console (4.2.1) lib/web_console/middleware.rb:28:in `block in call'
web-console (4.2.1) lib/web_console/middleware.rb:17:in `catch'
web-console (4.2.1) lib/web_console/middleware.rb:17:in `call'
actionpack (7.0.8.7) lib/action_dispatch/middleware/show_exceptions.rb:29:in `call'
railties (7.0.8.7) lib/rails/rack/logger.rb:40:in `call_app'
railties (7.0.8.7) lib/rails/rack/logger.rb:25:in `block in call'
activesupport (7.0.8.7) lib/active_support/tagged_logging.rb:99:in `block in tagged'
activesupport (7.0.8.7) lib/active_support/tagged_logging.rb:37:in `tagged'
activesupport (7.0.8.7) lib/active_support/tagged_logging.rb:99:in `tagged'
railties (7.0.8.7) lib/rails/rack/logger.rb:25:in `call'
sprockets-rails (3.5.2) lib/sprockets/rails/quiet_assets.rb:17:in `call'
actionpack (7.0.8.7) lib/action_dispatch/middleware/remote_ip.rb:93:in `call'
actionpack (7.0.8.7) lib/action_dispatch/middleware/request_id.rb:26:in `call'
rack (2.2.10) lib/rack/method_override.rb:24:in `call'
rack (2.2.10) lib/rack/runtime.rb:22:in `call'
activesupport (7.0.8.7) lib/active_support/cache/strategy/local_cache_middleware.rb:29:in `call'
actionpack (7.0.8.7) lib/action_dispatch/middleware/server_timing.rb:61:in `block in call'
actionpack (7.0.8.7) lib/action_dispatch/middleware/server_timing.rb:26:in `collect_events'
actionpack (7.0.8.7) lib/action_dispatch/middleware/server_timing.rb:60:in `call'
actionpack (7.0.8.7) lib/action_dispatch/middleware/executor.rb:14:in `call'
actionpack (7.0.8.7) lib/action_dispatch/middleware/static.rb:23:in `call'
rack (2.2.10) lib/rack/sendfile.rb:110:in `call'
actionpack (7.0.8.7) lib/action_dispatch/middleware/host_authorization.rb:138:in `call'
railties (7.0.8.7) lib/rails/engine.rb:530:in `call'
puma (5.6.9) lib/puma/configuration.rb:252:in `call'
puma (5.6.9) lib/puma/request.rb:77:in `block in handle_request'
puma (5.6.9) lib/puma/thread_pool.rb:340:in `with_force_shutdown'
puma (5.6.9) lib/puma/request.rb:76:in `handle_request'
puma (5.6.9) lib/puma/server.rb:443:in `process_client'
puma (5.6.9) lib/puma/thread_pool.rb:147:in `block in spawn_thread'
  [1m[36mActiveRecord::SchemaMigration Pluck (0.1ms)[0m  [1m[34mSELECT "schema_migrations"."version" FROM "schema_migrations" ORDER BY "schema_migrations"."version" ASC[0m
Migrating to AddShareTokenToUploadedFiles (20250113090221)
  [1m[36mTRANSACTION (0.0ms)[0m  [1m[36mbegin transaction[0m
  [1m[35m (0.2ms)[0m  [1m[35mALTER TABLE "uploaded_files" ADD "share_token" varchar[0m
  [1m[36mTRANSACTION (0.0ms)[0m  [1m[31mrollback transaction[0m
Started GET "/users/sign_in" for ::1 at 2025-01-13 15:02:26 +0530
  [1m[36mActiveRecord::SchemaMigration Pluck (0.1ms)[0m  [1m[34mSELECT "schema_migrations"."version" FROM "schema_migrations" ORDER BY "schema_migrations"."version" ASC[0m
  [1m[36mCACHE ActiveRecord::SchemaMigration Pluck (0.0ms)[0m  [1m[34mSELECT "schema_migrations"."version" FROM "schema_migrations" ORDER BY "schema_migrations"."version" ASC[0m
  
ActiveRecord::PendingMigrationError (

Migrations are pending. To resolve this issue, run:

        bin/rails db:migrate RAILS_ENV=development

You have 1 pending migration:

20250113090221_add_share_token_to_uploaded_files.rb


):
  
activerecord (7.0.8.7) lib/active_record/migration.rb:662:in `check_pending!'
activerecord (7.0.8.7) lib/active_record/migration.rb:627:in `block (2 levels) in call'
activesupport (7.0.8.7) lib/active_support/file_update_checker.rb:83:in `execute'
activerecord (7.0.8.7) lib/active_record/migration.rb:632:in `block in call'
activerecord (7.0.8.7) lib/active_record/migration.rb:624:in `synchronize'
activerecord (7.0.8.7) lib/active_record/migration.rb:624:in `call'
actionpack (7.0.8.7) lib/action_dispatch/middleware/callbacks.rb:27:in `block in call'
activesupport (7.0.8.7) lib/active_support/callbacks.rb:99:in `run_callbacks'
actionpack (7.0.8.7) lib/action_dispatch/middleware/callbacks.rb:26:in `call'
actionpack (7.0.8.7) lib/action_dispatch/middleware/executor.rb:14:in `call'
actionpack (7.0.8.7) lib/action_dispatch/middleware/actionable_exceptions.rb:17:in `call'
actionpack (7.0.8.7) lib/action_dispatch/middleware/debug_exceptions.rb:28:in `call'
web-console (4.2.1) lib/web_console/middleware.rb:132:in `call_app'
web-console (4.2.1) lib/web_console/middleware.rb:28:in `block in call'
web-console (4.2.1) lib/web_console/middleware.rb:17:in `catch'
web-console (4.2.1) lib/web_console/middleware.rb:17:in `call'
actionpack (7.0.8.7) lib/action_dispatch/middleware/show_exceptions.rb:29:in `call'
railties (7.0.8.7) lib/rails/rack/logger.rb:40:in `call_app'
railties (7.0.8.7) lib/rails/rack/logger.rb:25:in `block in call'
activesupport (7.0.8.7) lib/active_support/tagged_logging.rb:99:in `block in tagged'
activesupport (7.0.8.7) lib/active_support/tagged_logging.rb:37:in `tagged'
activesupport (7.0.8.7) lib/active_support/tagged_logging.rb:99:in `tagged'
railties (7.0.8.7) lib/rails/rack/logger.rb:25:in `call'
sprockets-rails (3.5.2) lib/sprockets/rails/quiet_assets.rb:17:in `call'
actionpack (7.0.8.7) lib/action_dispatch/middleware/remote_ip.rb:93:in `call'
actionpack (7.0.8.7) lib/action_dispatch/middleware/request_id.rb:26:in `call'
rack (2.2.10) lib/rack/method_override.rb:24:in `call'
rack (2.2.10) lib/rack/runtime.rb:22:in `call'
activesupport (7.0.8.7) lib/active_support/cache/strategy/local_cache_middleware.rb:29:in `call'
actionpack (7.0.8.7) lib/action_dispatch/middleware/server_timing.rb:61:in `block in call'
actionpack (7.0.8.7) lib/action_dispatch/middleware/server_timing.rb:26:in `collect_events'
actionpack (7.0.8.7) lib/action_dispatch/middleware/server_timing.rb:60:in `call'
actionpack (7.0.8.7) lib/action_dispatch/middleware/executor.rb:14:in `call'
actionpack (7.0.8.7) lib/action_dispatch/middleware/static.rb:23:in `call'
rack (2.2.10) lib/rack/sendfile.rb:110:in `call'
actionpack (7.0.8.7) lib/action_dispatch/middleware/host_authorization.rb:138:in `call'
railties (7.0.8.7) lib/rails/engine.rb:530:in `call'
puma (5.6.9) lib/puma/configuration.rb:252:in `call'
puma (5.6.9) lib/puma/request.rb:77:in `block in handle_request'
puma (5.6.9) lib/puma/thread_pool.rb:340:in `with_force_shutdown'
puma (5.6.9) lib/puma/request.rb:76:in `handle_request'
puma (5.6.9) lib/puma/server.rb:443:in `process_client'
puma (5.6.9) lib/puma/thread_pool.rb:147:in `block in spawn_thread'
  [1m[36mActiveRecord::SchemaMigration Pluck (0.0ms)[0m  [1m[34mSELECT "schema_migrations"."version" FROM "schema_migrations" ORDER BY "schema_migrations"."version" ASC[0m
Migrating to AddShareTokenToUploadedFiles (20250113090221)
  [1m[36mTRANSACTION (0.0ms)[0m  [1m[36mbegin transaction[0m
  [1m[35m (0.1ms)[0m  [1m[35mALTER TABLE "uploaded_files" ADD "share_token" varchar[0m
  [1m[36mTRANSACTION (0.0ms)[0m  [1m[31mrollback transaction[0m
  [1m[36mActiveRecord::SchemaMigration Pluck (0.1ms)[0m  [1m[34mSELECT "schema_migrations"."version" FROM "schema_migrations" ORDER BY "schema_migrations"."version" ASC[0m
  [1m[36mActiveRecord::InternalMetadata Load (0.2ms)[0m  [1m[34mSELECT "ar_internal_metadata".* FROM "ar_internal_metadata" WHERE "ar_internal_metadata"."key" = ? LIMIT ?[0m  [["key", "environment"], ["LIMIT", 1]]
  [1m[36mActiveRecord::SchemaMigration Pluck (0.0ms)[0m  [1m[34mSELECT "schema_migrations"."version" FROM "schema_migrations" ORDER BY "schema_migrations"."version" ASC[0m
Started GET "/users/sign_in" for ::1 at 2025-01-13 15:03:38 +0530
  [1m[36mActiveRecord::SchemaMigration Pluck (0.1ms)[0m  [1m[34mSELECT "schema_migrations"."version" FROM "schema_migrations" ORDER BY "schema_migrations"."version" ASC[0m
Processing by Devise::SessionsController#new as HTML
  [1m[36mUser Load (0.0ms)[0m  [1m[34mSELECT "users".* FROM "users" WHERE "users"."id" = ? ORDER BY "users"."id" ASC LIMIT ?[0m  [["id", 1], ["LIMIT", 1]]
Redirected to http://localhost:3000/
Filter chain halted as :require_no_authentication rendered or redirected
Completed 302 Found in 14ms (ActiveRecord: 0.2ms | Allocations: 11365)


Started GET "/" for ::1 at 2025-01-13 15:03:38 +0530
Processing by FilesController#index as HTML
  [1m[36mUser Load (0.1ms)[0m  [1m[34mSELECT "users".* FROM "users" WHERE "users"."id" = ? ORDER BY "users"."id" ASC LIMIT ?[0m  [["id", 1], ["LIMIT", 1]]
  Rendering layout layouts/application.html.erb
  Rendering files/index.html.erb within layouts/application
  [1m[36mUploadedFile Load (0.3ms)[0m  [1m[34mSELECT "uploaded_files".* FROM "uploaded_files" WHERE "uploaded_files"."user_id" = ?[0m  [["user_id", 1]]
  ↳ app/views/files/index.html.erb:22
  Rendered files/index.html.erb within layouts/application (Duration: 4.3ms | Allocations: 3652)
  Rendered layout layouts/application.html.erb (Duration: 65.1ms | Allocations: 45187)
Completed 200 OK in 79ms (Views: 66.7ms | ActiveRecord: 0.4ms | Allocations: 54009)


Started GET "/files" for ::1 at 2025-01-13 15:03:40 +0530
Processing by FilesController#index as HTML
  [1m[36mUser Load (0.2ms)[0m  [1m[34mSELECT "users".* FROM "users" WHERE "users"."id" = ? ORDER BY "users"."id" ASC LIMIT ?[0m  [["id", 1], ["LIMIT", 1]]
  Rendering layout layouts/application.html.erb
  Rendering files/index.html.erb within layouts/application
  [1m[36mUploadedFile Load (0.1ms)[0m  [1m[34mSELECT "uploaded_files".* FROM "uploaded_files" WHERE "uploaded_files"."user_id" = ?[0m  [["user_id", 1]]
  ↳ app/views/files/index.html.erb:22
  Rendered files/index.html.erb within layouts/application (Duration: 1.9ms | Allocations: 707)
  Rendered layout layouts/application.html.erb (Duration: 5.5ms | Allocations: 2670)
Completed 200 OK in 11ms (Views: 6.1ms | ActiveRecord: 0.3ms | Allocations: 4391)


Started DELETE "/users/sign_out" for ::1 at 2025-01-13 15:03:41 +0530
Processing by Devise::SessionsController#destroy as TURBO_STREAM
  Parameters: {"authenticity_token"=>"[FILTERED]"}
  [1m[36mUser Load (0.2ms)[0m  [1m[34mSELECT "users".* FROM "users" WHERE "users"."id" = ? ORDER BY "users"."id" ASC LIMIT ?[0m  [["id", 1], ["LIMIT", 1]]
Redirected to http://localhost:3000/
Completed 303 See Other in 9ms (ActiveRecord: 0.2ms | Allocations: 3150)


Started GET "/" for ::1 at 2025-01-13 15:03:41 +0530
Processing by FilesController#index as TURBO_STREAM
Completed 401 Unauthorized in 2ms (ActiveRecord: 0.0ms | Allocations: 403)


Started GET "/users/sign_in" for ::1 at 2025-01-13 15:03:41 +0530
Processing by Devise::SessionsController#new as TURBO_STREAM
  Rendering layout layouts/application.html.erb
  Rendering devise/sessions/new.html.erb within layouts/application
  Rendered devise/shared/_links.html.erb (Duration: 1.1ms | Allocations: 768)
  Rendered devise/sessions/new.html.erb within layouts/application (Duration: 7.8ms | Allocations: 3320)
  Rendered layout layouts/application.html.erb (Duration: 9.3ms | Allocations: 5236)
Completed 200 OK in 13ms (Views: 11.2ms | ActiveRecord: 0.0ms | Allocations: 6800)


Started POST "/users/sign_in" for ::1 at 2025-01-13 15:03:43 +0530
Processing by Devise::SessionsController#create as TURBO_STREAM
  Parameters: {"authenticity_token"=>"[FILTERED]", "user"=>{"email"=>"abhisheksharmaab7979@gmail.com", "password"=>"[FILTERED]", "remember_me"=>"0"}, "commit"=>"Sign in"}
  [1m[36mUser Load (0.3ms)[0m  [1m[34mSELECT "users".* FROM "users" WHERE "users"."email" = ? ORDER BY "users"."id" ASC LIMIT ?[0m  [["email", "abhisheksharmaab7979@gmail.com"], ["LIMIT", 1]]
Redirected to http://localhost:3000/
Completed 303 See Other in 263ms (ActiveRecord: 0.3ms | Allocations: 4286)


Started GET "/" for ::1 at 2025-01-13 15:03:43 +0530
Processing by FilesController#index as TURBO_STREAM
  [1m[36mUser Load (0.1ms)[0m  [1m[34mSELECT "users".* FROM "users" WHERE "users"."id" = ? ORDER BY "users"."id" ASC LIMIT ?[0m  [["id", 1], ["LIMIT", 1]]
  Rendering layout layouts/application.html.erb
  Rendering files/index.html.erb within layouts/application
  [1m[36mUploadedFile Load (0.0ms)[0m  [1m[34mSELECT "uploaded_files".* FROM "uploaded_files" WHERE "uploaded_files"."user_id" = ?[0m  [["user_id", 1]]
  ↳ app/views/files/index.html.erb:22
  Rendered files/index.html.erb within layouts/application (Duration: 0.5ms | Allocations: 754)
  Rendered layout layouts/application.html.erb (Duration: 1.9ms | Allocations: 2862)
Completed 200 OK in 3ms (Views: 2.0ms | ActiveRecord: 0.1ms | Allocations: 4739)


Started GET "/files/new" for ::1 at 2025-01-13 15:03:44 +0530
Processing by FilesController#new as HTML
  [1m[36mUser Load (0.1ms)[0m  [1m[34mSELECT "users".* FROM "users" WHERE "users"."id" = ? ORDER BY "users"."id" ASC LIMIT ?[0m  [["id", 1], ["LIMIT", 1]]
  Rendering layout layouts/application.html.erb
  Rendering files/new.html.erb within layouts/application
  Rendered files/new.html.erb within layouts/application (Duration: 2.5ms | Allocations: 1991)
  Rendered layout layouts/application.html.erb (Duration: 3.8ms | Allocations: 4113)
Completed 200 OK in 21ms (Views: 4.0ms | ActiveRecord: 8.7ms | Allocations: 10635)


Started GET "/files" for ::1 at 2025-01-13 15:03:55 +0530
Processing by FilesController#index as HTML
  [1m[36mUser Load (0.1ms)[0m  [1m[34mSELECT "users".* FROM "users" WHERE "users"."id" = ? ORDER BY "users"."id" ASC LIMIT ?[0m  [["id", 1], ["LIMIT", 1]]
  Rendering layout layouts/application.html.erb
  Rendering files/index.html.erb within layouts/application
  [1m[36mUploadedFile Load (0.1ms)[0m  [1m[34mSELECT "uploaded_files".* FROM "uploaded_files" WHERE "uploaded_files"."user_id" = ?[0m  [["user_id", 1]]
  ↳ app/views/files/index.html.erb:22
  Rendered files/index.html.erb within layouts/application (Duration: 1.2ms | Allocations: 725)
  Rendered layout layouts/application.html.erb (Duration: 4.6ms | Allocations: 2687)
Completed 200 OK in 9ms (Views: 5.0ms | ActiveRecord: 0.2ms | Allocations: 4519)


Started POST "/files" for ::1 at 2025-01-13 15:03:56 +0530
Processing by FilesController#create as TURBO_STREAM
  Parameters: {"authenticity_token"=>"[FILTERED]", "uploaded_file"=>{"title"=>"Sample1", "description"=>"desc", "file"=>#<ActionDispatch::Http::UploadedFile:0x0000000107e03be0 @tempfile=#<Tempfile:/var/folders/bb/fdrz1_dd4sd683jrwf41cdk00000gn/T/RackMultipart20250113-19880-7su03z.pdf>, @content_type="application/pdf", @original_filename="Resume.pdf", @headers="Content-Disposition: form-data; name=\"uploaded_file[file]\"; filename=\"Resume.pdf\"\r\nContent-Type: application/pdf\r\n">}, "commit"=>"Upload"}
  [1m[36mUser Load (0.1ms)[0m  [1m[34mSELECT "users".* FROM "users" WHERE "users"."id" = ? ORDER BY "users"."id" ASC LIMIT ?[0m  [["id", 1], ["LIMIT", 1]]
  [1m[36mTRANSACTION (0.0ms)[0m  [1m[36mbegin transaction[0m
  ↳ app/controllers/files_controller.rb:27:in `create'
  [1m[36mUploadedFile Create (1.6ms)[0m  [1m[32mINSERT INTO "uploaded_files" ("title", "description", "content_type", "share_token", "user_id", "created_at", "updated_at") VALUES (?, ?, ?, ?, ?, ?, ?)[0m  [["title", "Sample1"], ["description", "desc"], ["content_type", "application/pdf"], ["share_token", "[FILTERED]"], ["user_id", 1], ["created_at", "2025-01-13 09:33:56.364151"], ["updated_at", "2025-01-13 09:33:56.364151"]]
  ↳ app/controllers/files_controller.rb:27:in `create'
[ActiveJob] Enqueued CompressFileJob (Job ID: 8f7553f9-651d-40d6-93dc-a0f2561a5fc4) to Async(default) with arguments: #<GlobalID:0x0000000108319760 @uri=#<URI::GID gid://secure-file-sharing/UploadedFile/2>>
  [1m[36mActiveStorage::Attachment Load (0.2ms)[0m  [1m[34mSELECT "active_storage_attachments".* FROM "active_storage_attachments" WHERE "active_storage_attachments"."record_id" = ? AND "active_storage_attachments"."record_type" = ? AND "active_storage_attachments"."name" = ? LIMIT ?[0m  [["record_id", 2], ["record_type", "UploadedFile"], ["name", "file"], ["LIMIT", 1]]
  ↳ app/controllers/files_controller.rb:27:in `create'
  [1m[36mActiveStorage::Blob Create (0.2ms)[0m  [1m[32mINSERT INTO "active_storage_blobs" ("key", "filename", "content_type", "metadata", "service_name", "byte_size", "checksum", "created_at") VALUES (?, ?, ?, ?, ?, ?, ?, ?)[0m  [["key", "oy01gb3r29vkwcho96lb9wm24y4r"], ["filename", "Resume.pdf"], ["content_type", "application/pdf"], ["metadata", "{\"identified\":true}"], ["service_name", "local"], ["byte_size", 746661], ["checksum", "SRBwaA5d6IuTNYZfAx6Ljw=="], ["created_at", "2025-01-13 09:33:56.370306"]]
  ↳ app/controllers/files_controller.rb:27:in `create'
  [1m[36mActiveStorage::Attachment Create (0.1ms)[0m  [1m[32mINSERT INTO "active_storage_attachments" ("name", "record_type", "record_id", "blob_id", "created_at") VALUES (?, ?, ?, ?, ?)[0m  [["name", "file"], ["record_type", "UploadedFile"], ["record_id", 2], ["blob_id", 3], ["created_at", "2025-01-13 09:33:56.371320"]]
  ↳ app/controllers/files_controller.rb:27:in `create'
  [1m[36mUploadedFile Update (0.0ms)[0m  [1m[33mUPDATE "uploaded_files" SET "updated_at" = ? WHERE "uploaded_files"."id" = ?[0m  [["updated_at", "2025-01-13 09:33:56.372088"], ["id", 2]]
  ↳ app/controllers/files_controller.rb:27:in `create'
  [1m[36mTRANSACTION (0.5ms)[0m  [1m[36mcommit transaction[0m
  ↳ app/controllers/files_controller.rb:27:in `create'
[36m  Disk Storage (4.1ms) [0m[32mUploaded file to key: oy01gb3r29vkwcho96lb9wm24y4r (checksum: SRBwaA5d6IuTNYZfAx6Ljw==)[0m
  [1m[36mTRANSACTION (0.0ms)[0m  [1m[36mbegin transaction[0m
  ↳ app/controllers/files_controller.rb:27:in `create'
  [1m[36mActiveStorage::Blob Update (0.3ms)[0m  [1m[33mUPDATE "active_storage_blobs" SET "metadata" = ? WHERE "active_storage_blobs"."id" = ?[0m  [["metadata", "{\"identified\":true,\"analyzed\":true}"], ["id", 3]]
  ↳ app/controllers/files_controller.rb:27:in `create'
  [1m[36mTRANSACTION (0.4ms)[0m  [1m[36mcommit transaction[0m
  ↳ app/controllers/files_controller.rb:27:in `create'
Redirected to http://localhost:3000/files
Completed 302 Found in 57ms (ActiveRecord: 4.1ms | Allocations: 32668)


[ActiveJob] [CompressFileJob] [8f7553f9-651d-40d6-93dc-a0f2561a5fc4]   [1m[36mUploadedFile Load (0.1ms)[0m  [1m[34mSELECT "uploaded_files".* FROM "uploaded_files" WHERE "uploaded_files"."id" = ? LIMIT ?[0m  [["id", 2], ["LIMIT", 1]]
[ActiveJob] [CompressFileJob] [8f7553f9-651d-40d6-93dc-a0f2561a5fc4] Performing CompressFileJob (Job ID: 8f7553f9-651d-40d6-93dc-a0f2561a5fc4) from Async(default) enqueued at 2025-01-13T09:33:56Z with arguments: #<GlobalID:0x00000001083f1868 @uri=#<URI::GID gid://secure-file-sharing/UploadedFile/2>>
[ActiveJob] [CompressFileJob] [8f7553f9-651d-40d6-93dc-a0f2561a5fc4]   [1m[36mActiveStorage::Attachment Load (0.0ms)[0m  [1m[34mSELECT "active_storage_attachments".* FROM "active_storage_attachments" WHERE "active_storage_attachments"."record_id" = ? AND "active_storage_attachments"."record_type" = ? AND "active_storage_attachments"."name" = ? LIMIT ?[0m  [["record_id", 2], ["record_type", "UploadedFile"], ["name", "file"], ["LIMIT", 1]]
[ActiveJob] [CompressFileJob] [8f7553f9-651d-40d6-93dc-a0f2561a5fc4]   ↳ app/jobs/compress_file_job.rb:10:in `perform'
[ActiveJob] [CompressFileJob] [8f7553f9-651d-40d6-93dc-a0f2561a5fc4]   [1m[36mActiveStorage::Blob Load (0.0ms)[0m  [1m[34mSELECT "active_storage_blobs".* FROM "active_storage_blobs" WHERE "active_storage_blobs"."id" = ? LIMIT ?[0m  [["id", 3], ["LIMIT", 1]]
[ActiveJob] [CompressFileJob] [8f7553f9-651d-40d6-93dc-a0f2561a5fc4]   ↳ app/jobs/compress_file_job.rb:59:in `downloaded_tempfile'
[ActiveJob] [CompressFileJob] [8f7553f9-651d-40d6-93dc-a0f2561a5fc4] [36m  Disk Storage (0.1ms) [0m[34mDownloaded file from key: oy01gb3r29vkwcho96lb9wm24y4r[0m
Started GET "/files" for ::1 at 2025-01-13 15:03:56 +0530
Processing by FilesController#index as TURBO_STREAM
  [1m[36mUser Load (0.0ms)[0m  [1m[34mSELECT "users".* FROM "users" WHERE "users"."id" = ? ORDER BY "users"."id" ASC LIMIT ?[0m  [["id", 1], ["LIMIT", 1]]
  Rendering layout layouts/application.html.erb
  Rendering files/index.html.erb within layouts/application
  [1m[36mUploadedFile Load (0.0ms)[0m  [1m[34mSELECT "uploaded_files".* FROM "uploaded_files" WHERE "uploaded_files"."user_id" = ?[0m  [["user_id", 1]]
  ↳ app/views/files/index.html.erb:22
  Rendered files/index.html.erb within layouts/application (Duration: 1.0ms | Allocations: 1362)
  Rendered layout layouts/application.html.erb (Duration: 2.6ms | Allocations: 3459)
Completed 200 OK in 5ms (Views: 2.7ms | ActiveRecord: 0.3ms | Allocations: 5388)


[ActiveJob] [CompressFileJob] [8f7553f9-651d-40d6-93dc-a0f2561a5fc4]   [1m[36mTRANSACTION (0.0ms)[0m  [1m[36mbegin transaction[0m
[ActiveJob] [CompressFileJob] [8f7553f9-651d-40d6-93dc-a0f2561a5fc4]   ↳ app/jobs/compress_file_job.rb:46:in `compress_pdf'
[ActiveJob] [CompressFileJob] [8f7553f9-651d-40d6-93dc-a0f2561a5fc4]   [1m[36mUser Load (0.1ms)[0m  [1m[34mSELECT "users".* FROM "users" WHERE "users"."id" = ? LIMIT ?[0m  [["id", 1], ["LIMIT", 1]]
[ActiveJob] [CompressFileJob] [8f7553f9-651d-40d6-93dc-a0f2561a5fc4]   ↳ app/jobs/compress_file_job.rb:46:in `compress_pdf'
[ActiveJob] [CompressFileJob] [8f7553f9-651d-40d6-93dc-a0f2561a5fc4]   [1m[36mActiveStorage::Blob Load (0.1ms)[0m  [1m[34mSELECT "active_storage_blobs".* FROM "active_storage_blobs" INNER JOIN "active_storage_attachments" ON "active_storage_blobs"."id" = "active_storage_attachments"."blob_id" WHERE "active_storage_attachments"."record_id" = ? AND "active_storage_attachments"."record_type" = ? AND "active_storage_attachments"."name" = ? LIMIT ?[0m  [["record_id", 2], ["record_type", "UploadedFile"], ["name", "file"], ["LIMIT", 1]]
[ActiveJob] [CompressFileJob] [8f7553f9-651d-40d6-93dc-a0f2561a5fc4]   ↳ app/jobs/compress_file_job.rb:46:in `compress_pdf'
[ActiveJob] [CompressFileJob] [8f7553f9-651d-40d6-93dc-a0f2561a5fc4]   [1m[36mActiveStorage::Attachment Destroy (0.3ms)[0m  [1m[31mDELETE FROM "active_storage_attachments" WHERE "active_storage_attachments"."id" = ?[0m  [["id", 3]]
[ActiveJob] [CompressFileJob] [8f7553f9-651d-40d6-93dc-a0f2561a5fc4]   ↳ app/jobs/compress_file_job.rb:46:in `compress_pdf'
[ActiveJob] [CompressFileJob] [8f7553f9-651d-40d6-93dc-a0f2561a5fc4]   [1m[36mActiveStorage::Blob Create (0.1ms)[0m  [1m[32mINSERT INTO "active_storage_blobs" ("key", "filename", "content_type", "metadata", "service_name", "byte_size", "checksum", "created_at") VALUES (?, ?, ?, ?, ?, ?, ?, ?)[0m  [["key", "iseovep40swso237y3w4qgkw3nd6"], ["filename", "Resume.pdf"], ["content_type", "application/pdf"], ["metadata", "{\"identified\":true}"], ["service_name", "local"], ["byte_size", 327462], ["checksum", "fjvY6K58fkjy9nuHV/aPtQ=="], ["created_at", "2025-01-13 09:33:57.284448"]]
[ActiveJob] [CompressFileJob] [8f7553f9-651d-40d6-93dc-a0f2561a5fc4]   ↳ app/jobs/compress_file_job.rb:46:in `compress_pdf'
[ActiveJob] [CompressFileJob] [8f7553f9-651d-40d6-93dc-a0f2561a5fc4]   [1m[36mActiveStorage::Attachment Create (0.0ms)[0m  [1m[32mINSERT INTO "active_storage_attachments" ("name", "record_type", "record_id", "blob_id", "created_at") VALUES (?, ?, ?, ?, ?)[0m  [["name", "file"], ["record_type", "UploadedFile"], ["record_id", 2], ["blob_id", 4], ["created_at", "2025-01-13 09:33:57.285201"]]
[ActiveJob] [CompressFileJob] [8f7553f9-651d-40d6-93dc-a0f2561a5fc4]   ↳ app/jobs/compress_file_job.rb:46:in `compress_pdf'
[ActiveJob] [CompressFileJob] [8f7553f9-651d-40d6-93dc-a0f2561a5fc4]   [1m[36mUploadedFile Update (0.0ms)[0m  [1m[33mUPDATE "uploaded_files" SET "updated_at" = ? WHERE "uploaded_files"."id" = ?[0m  [["updated_at", "2025-01-13 09:33:57.285633"], ["id", 2]]
[ActiveJob] [CompressFileJob] [8f7553f9-651d-40d6-93dc-a0f2561a5fc4]   ↳ app/jobs/compress_file_job.rb:46:in `compress_pdf'
[ActiveJob] [CompressFileJob] [8f7553f9-651d-40d6-93dc-a0f2561a5fc4]   [1m[36mTRANSACTION (0.4ms)[0m  [1m[36mcommit transaction[0m
[ActiveJob] [CompressFileJob] [8f7553f9-651d-40d6-93dc-a0f2561a5fc4]   ↳ app/jobs/compress_file_job.rb:46:in `compress_pdf'
[ActiveJob] [CompressFileJob] [8f7553f9-651d-40d6-93dc-a0f2561a5fc4] [36m  Disk Storage (1.5ms) [0m[32mUploaded file to key: iseovep40swso237y3w4qgkw3nd6 (checksum: fjvY6K58fkjy9nuHV/aPtQ==)[0m
[ActiveJob] [CompressFileJob] [8f7553f9-651d-40d6-93dc-a0f2561a5fc4] Enqueued ActiveStorage::PurgeJob (Job ID: c46ccdb0-d01c-432b-b45d-3ed1edc1f925) to Async(default) with arguments: #<GlobalID:0x00000001085aa5d8 @uri=#<URI::GID gid://secure-file-sharing/ActiveStorage::Blob/3>>
[ActiveJob] [CompressFileJob] [8f7553f9-651d-40d6-93dc-a0f2561a5fc4]   [1m[36mTRANSACTION (0.0ms)[0m  [1m[36mbegin transaction[0m
[ActiveJob] [CompressFileJob] [8f7553f9-651d-40d6-93dc-a0f2561a5fc4]   ↳ app/jobs/compress_file_job.rb:46:in `compress_pdf'
[ActiveJob] [CompressFileJob] [8f7553f9-651d-40d6-93dc-a0f2561a5fc4]   [1m[36mActiveStorage::Blob Update (0.2ms)[0m  [1m[33mUPDATE "active_storage_blobs" SET "metadata" = ? WHERE "active_storage_blobs"."id" = ?[0m  [["metadata", "{\"identified\":true,\"analyzed\":true}"], ["id", 4]]
[ActiveJob] [CompressFileJob] [8f7553f9-651d-40d6-93dc-a0f2561a5fc4]   ↳ app/jobs/compress_file_job.rb:46:in `compress_pdf'
[ActiveJob] [CompressFileJob] [8f7553f9-651d-40d6-93dc-a0f2561a5fc4]   [1m[36mTRANSACTION (0.4ms)[0m  [1m[36mcommit transaction[0m
[ActiveJob] [CompressFileJob] [8f7553f9-651d-40d6-93dc-a0f2561a5fc4]   ↳ app/jobs/compress_file_job.rb:46:in `compress_pdf'
[ActiveJob] [CompressFileJob] [8f7553f9-651d-40d6-93dc-a0f2561a5fc4] Performed CompressFileJob (Job ID: 8f7553f9-651d-40d6-93dc-a0f2561a5fc4) from Async(default) in 908.44ms
[ActiveJob] [ActiveStorage::PurgeJob] [c46ccdb0-d01c-432b-b45d-3ed1edc1f925]   [1m[36mActiveStorage::Blob Load (0.0ms)[0m  [1m[34mSELECT "active_storage_blobs".* FROM "active_storage_blobs" WHERE "active_storage_blobs"."id" = ? LIMIT ?[0m  [["id", 3], ["LIMIT", 1]]
[ActiveJob] [ActiveStorage::PurgeJob] [c46ccdb0-d01c-432b-b45d-3ed1edc1f925] Performing ActiveStorage::PurgeJob (Job ID: c46ccdb0-d01c-432b-b45d-3ed1edc1f925) from Async(default) enqueued at 2025-01-13T09:33:57Z with arguments: #<GlobalID:0x000000010860ba18 @uri=#<URI::GID gid://secure-file-sharing/ActiveStorage::Blob/3>>
[ActiveJob] [ActiveStorage::PurgeJob] [c46ccdb0-d01c-432b-b45d-3ed1edc1f925]   [1m[36mTRANSACTION (0.0ms)[0m  [1m[36mbegin transaction[0m
[ActiveJob] [ActiveStorage::PurgeJob] [c46ccdb0-d01c-432b-b45d-3ed1edc1f925]   [1m[36mActiveStorage::Attachment Exists? (0.0ms)[0m  [1m[34mSELECT 1 AS one FROM "active_storage_attachments" WHERE "active_storage_attachments"."blob_id" = ? LIMIT ?[0m  [["blob_id", 3], ["LIMIT", 1]]
[ActiveJob] [ActiveStorage::PurgeJob] [c46ccdb0-d01c-432b-b45d-3ed1edc1f925]   [1m[36mActiveStorage::VariantRecord Load (0.0ms)[0m  [1m[34mSELECT "active_storage_variant_records".* FROM "active_storage_variant_records" WHERE "active_storage_variant_records"."blob_id" = ?[0m  [["blob_id", 3]]
[ActiveJob] [ActiveStorage::PurgeJob] [c46ccdb0-d01c-432b-b45d-3ed1edc1f925]   [1m[36mActiveStorage::Attachment Load (0.0ms)[0m  [1m[34mSELECT "active_storage_attachments".* FROM "active_storage_attachments" WHERE "active_storage_attachments"."record_id" = ? AND "active_storage_attachments"."record_type" = ? AND "active_storage_attachments"."name" = ? LIMIT ?[0m  [["record_id", 3], ["record_type", "ActiveStorage::Blob"], ["name", "preview_image"], ["LIMIT", 1]]
[ActiveJob] [ActiveStorage::PurgeJob] [c46ccdb0-d01c-432b-b45d-3ed1edc1f925]   [1m[36mActiveStorage::Blob Destroy (0.3ms)[0m  [1m[31mDELETE FROM "active_storage_blobs" WHERE "active_storage_blobs"."id" = ?[0m  [["id", 3]]
[ActiveJob] [ActiveStorage::PurgeJob] [c46ccdb0-d01c-432b-b45d-3ed1edc1f925]   [1m[36mTRANSACTION (0.4ms)[0m  [1m[36mcommit transaction[0m
[ActiveJob] [ActiveStorage::PurgeJob] [c46ccdb0-d01c-432b-b45d-3ed1edc1f925] [36m  Disk Storage (0.2ms) [0m[31mDeleted file from key: oy01gb3r29vkwcho96lb9wm24y4r[0m
[ActiveJob] [ActiveStorage::PurgeJob] [c46ccdb0-d01c-432b-b45d-3ed1edc1f925] Performed ActiveStorage::PurgeJob (Job ID: c46ccdb0-d01c-432b-b45d-3ed1edc1f925) from Async(default) in 6.93ms
Started GET "/files/2" for ::1 at 2025-01-13 15:03:57 +0530
Processing by FilesController#show as HTML
  Parameters: {"id"=>"2"}
  [1m[36mUser Load (0.1ms)[0m  [1m[34mSELECT "users".* FROM "users" WHERE "users"."id" = ? ORDER BY "users"."id" ASC LIMIT ?[0m  [["id", 1], ["LIMIT", 1]]
  [1m[36mUploadedFile Load (0.1ms)[0m  [1m[34mSELECT "uploaded_files".* FROM "uploaded_files" WHERE "uploaded_files"."user_id" = ? AND "uploaded_files"."id" = ? LIMIT ?[0m  [["user_id", 1], ["id", 2], ["LIMIT", 1]]
  ↳ app/controllers/files_controller.rb:61:in `set_file'
  [1m[36mActiveStorage::Attachment Load (0.1ms)[0m  [1m[34mSELECT "active_storage_attachments".* FROM "active_storage_attachments" WHERE "active_storage_attachments"."record_id" = ? AND "active_storage_attachments"."record_type" = ? AND "active_storage_attachments"."name" = ? LIMIT ?[0m  [["record_id", 2], ["record_type", "UploadedFile"], ["name", "file"], ["LIMIT", 1]]
  ↳ app/controllers/files_controller.rb:11:in `show'
  [1m[36mActiveStorage::Blob Load (0.1ms)[0m  [1m[34mSELECT "active_storage_blobs".* FROM "active_storage_blobs" WHERE "active_storage_blobs"."id" = ? LIMIT ?[0m  [["id", 4], ["LIMIT", 1]]
  ↳ app/controllers/files_controller.rb:12:in `show'
[36m  Disk Storage (0.2ms) [0m[34mDownloaded file from key: iseovep40swso237y3w4qgkw3nd6[0m
  Rendering text template
  Rendered text template (Duration: 0.0ms | Allocations: 9)
Sent data Resume.pdf (2.6ms)
Completed 200 OK in 10ms (Views: 2.1ms | ActiveRecord: 0.4ms | Allocations: 4404)


Started GET "/files/2" for ::1 at 2025-01-13 15:04:00 +0530
Processing by FilesController#show as HTML
  Parameters: {"id"=>"2"}
  [1m[36mUser Load (0.2ms)[0m  [1m[34mSELECT "users".* FROM "users" WHERE "users"."id" = ? ORDER BY "users"."id" ASC LIMIT ?[0m  [["id", 1], ["LIMIT", 1]]
  [1m[36mUploadedFile Load (0.1ms)[0m  [1m[34mSELECT "uploaded_files".* FROM "uploaded_files" WHERE "uploaded_files"."user_id" = ? AND "uploaded_files"."id" = ? LIMIT ?[0m  [["user_id", 1], ["id", 2], ["LIMIT", 1]]
  ↳ app/controllers/files_controller.rb:61:in `set_file'
  [1m[36mActiveStorage::Attachment Load (0.1ms)[0m  [1m[34mSELECT "active_storage_attachments".* FROM "active_storage_attachments" WHERE "active_storage_attachments"."record_id" = ? AND "active_storage_attachments"."record_type" = ? AND "active_storage_attachments"."name" = ? LIMIT ?[0m  [["record_id", 2], ["record_type", "UploadedFile"], ["name", "file"], ["LIMIT", 1]]
  ↳ app/controllers/files_controller.rb:11:in `show'
  [1m[36mActiveStorage::Blob Load (0.1ms)[0m  [1m[34mSELECT "active_storage_blobs".* FROM "active_storage_blobs" WHERE "active_storage_blobs"."id" = ? LIMIT ?[0m  [["id", 4], ["LIMIT", 1]]
  ↳ app/controllers/files_controller.rb:12:in `show'
[36m  Disk Storage (0.3ms) [0m[34mDownloaded file from key: iseovep40swso237y3w4qgkw3nd6[0m
  Rendering text template
  Rendered text template (Duration: 0.0ms | Allocations: 4)
Sent data Resume.pdf (0.5ms)
Completed 200 OK in 10ms (Views: 0.3ms | ActiveRecord: 0.4ms | Allocations: 4185)


Started GET "/files/2" for ::1 at 2025-01-13 15:04:00 +0530
Processing by FilesController#show as HTML
  Parameters: {"id"=>"2"}
  [1m[36mUser Load (0.3ms)[0m  [1m[34mSELECT "users".* FROM "users" WHERE "users"."id" = ? ORDER BY "users"."id" ASC LIMIT ?[0m  [["id", 1], ["LIMIT", 1]]
  [1m[36mUploadedFile Load (0.2ms)[0m  [1m[34mSELECT "uploaded_files".* FROM "uploaded_files" WHERE "uploaded_files"."user_id" = ? AND "uploaded_files"."id" = ? LIMIT ?[0m  [["user_id", 1], ["id", 2], ["LIMIT", 1]]
  ↳ app/controllers/files_controller.rb:61:in `set_file'
  [1m[36mActiveStorage::Attachment Load (0.2ms)[0m  [1m[34mSELECT "active_storage_attachments".* FROM "active_storage_attachments" WHERE "active_storage_attachments"."record_id" = ? AND "active_storage_attachments"."record_type" = ? AND "active_storage_attachments"."name" = ? LIMIT ?[0m  [["record_id", 2], ["record_type", "UploadedFile"], ["name", "file"], ["LIMIT", 1]]
  ↳ app/controllers/files_controller.rb:11:in `show'
  [1m[36mActiveStorage::Blob Load (0.2ms)[0m  [1m[34mSELECT "active_storage_blobs".* FROM "active_storage_blobs" WHERE "active_storage_blobs"."id" = ? LIMIT ?[0m  [["id", 4], ["LIMIT", 1]]
  ↳ app/controllers/files_controller.rb:12:in `show'
[36m  Disk Storage (0.3ms) [0m[34mDownloaded file from key: iseovep40swso237y3w4qgkw3nd6[0m
  Rendering text template
  Rendered text template (Duration: 0.0ms | Allocations: 4)
Sent data Resume.pdf (0.5ms)
Completed 200 OK in 13ms (Views: 0.4ms | ActiveRecord: 0.8ms | Allocations: 3933)


Started POST "/files/2/generate_share_link" for ::1 at 2025-01-13 15:04:01 +0530
Processing by FilesController#generate_share_link as TURBO_STREAM
  Parameters: {"authenticity_token"=>"[FILTERED]", "id"=>"2"}
  [1m[36mUser Load (0.2ms)[0m  [1m[34mSELECT "users".* FROM "users" WHERE "users"."id" = ? ORDER BY "users"."id" ASC LIMIT ?[0m  [["id", 1], ["LIMIT", 1]]
  [1m[36mUploadedFile Load (0.1ms)[0m  [1m[34mSELECT "uploaded_files".* FROM "uploaded_files" WHERE "uploaded_files"."user_id" = ? AND "uploaded_files"."id" = ? LIMIT ?[0m  [["user_id", 1], ["id", 2], ["LIMIT", 1]]
  ↳ app/controllers/files_controller.rb:61:in `set_file'
  [1m[36mUploadedFile Exists? (0.2ms)[0m  [1m[34mSELECT 1 AS one FROM "uploaded_files" WHERE "uploaded_files"."share_token" = ? LIMIT ?[0m  [["share_token", "[FILTERED]"], ["LIMIT", 1]]
  ↳ app/models/uploaded_file.rb:18:in `block in generate_share_token'
  [1m[36mTRANSACTION (0.1ms)[0m  [1m[36mbegin transaction[0m
  ↳ app/models/uploaded_file.rb:19:in `block in generate_share_token'
  [1m[36mActiveStorage::Attachment Load (0.1ms)[0m  [1m[34mSELECT "active_storage_attachments".* FROM "active_storage_attachments" WHERE "active_storage_attachments"."record_id" = ? AND "active_storage_attachments"."record_type" = ? AND "active_storage_attachments"."name" = ? LIMIT ?[0m  [["record_id", 2], ["record_type", "UploadedFile"], ["name", "file"], ["LIMIT", 1]]
  ↳ app/models/uploaded_file.rb:19:in `block in generate_share_token'
  [1m[36mActiveStorage::Blob Load (0.0ms)[0m  [1m[34mSELECT "active_storage_blobs".* FROM "active_storage_blobs" WHERE "active_storage_blobs"."id" = ? LIMIT ?[0m  [["id", 4], ["LIMIT", 1]]
  ↳ app/models/uploaded_file.rb:19:in `block in generate_share_token'
  [1m[36mUploadedFile Update (0.6ms)[0m  [1m[33mUPDATE "uploaded_files" SET "share_token" = ?, "updated_at" = ? WHERE "uploaded_files"."id" = ?[0m  [["share_token", "[FILTERED]"], ["updated_at", "2025-01-13 09:34:01.786205"], ["id", 2]]
  ↳ app/models/uploaded_file.rb:19:in `block in generate_share_token'
  [1m[36mTRANSACTION (1.1ms)[0m  [1m[36mcommit transaction[0m
  ↳ app/models/uploaded_file.rb:19:in `block in generate_share_token'
Redirected to http://localhost:3000/files
Completed 302 Found in 17ms (ActiveRecord: 2.5ms | Allocations: 7120)


Started GET "/files" for ::1 at 2025-01-13 15:04:01 +0530
Processing by FilesController#index as TURBO_STREAM
  [1m[36mUser Load (0.1ms)[0m  [1m[34mSELECT "users".* FROM "users" WHERE "users"."id" = ? ORDER BY "users"."id" ASC LIMIT ?[0m  [["id", 1], ["LIMIT", 1]]
  Rendering layout layouts/application.html.erb
  Rendering files/index.html.erb within layouts/application
  [1m[36mUploadedFile Load (0.1ms)[0m  [1m[34mSELECT "uploaded_files".* FROM "uploaded_files" WHERE "uploaded_files"."user_id" = ?[0m  [["user_id", 1]]
  ↳ app/views/files/index.html.erb:22
  Rendered files/index.html.erb within layouts/application (Duration: 1.6ms | Allocations: 1448)
  Rendered layout layouts/application.html.erb (Duration: 4.1ms | Allocations: 3529)
Completed 200 OK in 7ms (Views: 4.4ms | ActiveRecord: 0.2ms | Allocations: 5162)


Started GET "/shared/jDtHZw" for ::1 at 2025-01-13 15:04:01 +0530
Processing by SharedFilesController#show as HTML
  Parameters: {"token"=>"[FILTERED]"}
  [1m[36mUploadedFile Load (0.2ms)[0m  [1m[34mSELECT "uploaded_files".* FROM "uploaded_files" WHERE "uploaded_files"."share_token" = ? LIMIT ?[0m  [["share_token", "[FILTERED]"], ["LIMIT", 1]]
  ↳ app/controllers/shared_files_controller.rb:3:in `show'
  [1m[36mActiveStorage::Attachment Load (0.1ms)[0m  [1m[34mSELECT "active_storage_attachments".* FROM "active_storage_attachments" WHERE "active_storage_attachments"."record_id" = ? AND "active_storage_attachments"."record_type" = ? AND "active_storage_attachments"."name" = ? LIMIT ?[0m  [["record_id", 2], ["record_type", "UploadedFile"], ["name", "file"], ["LIMIT", 1]]
  ↳ app/controllers/shared_files_controller.rb:4:in `show'
  [1m[36mActiveStorage::Blob Load (0.1ms)[0m  [1m[34mSELECT "active_storage_blobs".* FROM "active_storage_blobs" WHERE "active_storage_blobs"."id" = ? LIMIT ?[0m  [["id", 4], ["LIMIT", 1]]
  ↳ app/controllers/shared_files_controller.rb:4:in `show'
[36m  Disk Storage (0.2ms) [0m[34mDownloaded file from key: iseovep40swso237y3w4qgkw3nd6[0m
  Rendering text template
  Rendered text template (Duration: 0.0ms | Allocations: 7)
Sent data Sample1 (1.0ms)
Completed 200 OK in 6ms (Views: 0.9ms | ActiveRecord: 0.3ms | Allocations: 3106)


Started GET "/shared/jDtHZw" for ::1 at 2025-01-13 15:04:04 +0530
Processing by SharedFilesController#show as HTML
  Parameters: {"token"=>"[FILTERED]"}
  [1m[36mUploadedFile Load (0.1ms)[0m  [1m[34mSELECT "uploaded_files".* FROM "uploaded_files" WHERE "uploaded_files"."share_token" = ? LIMIT ?[0m  [["share_token", "[FILTERED]"], ["LIMIT", 1]]
  ↳ app/controllers/shared_files_controller.rb:3:in `show'
  [1m[36mActiveStorage::Attachment Load (0.1ms)[0m  [1m[34mSELECT "active_storage_attachments".* FROM "active_storage_attachments" WHERE "active_storage_attachments"."record_id" = ? AND "active_storage_attachments"."record_type" = ? AND "active_storage_attachments"."name" = ? LIMIT ?[0m  [["record_id", 2], ["record_type", "UploadedFile"], ["name", "file"], ["LIMIT", 1]]
  ↳ app/controllers/shared_files_controller.rb:4:in `show'
  [1m[36mActiveStorage::Blob Load (0.1ms)[0m  [1m[34mSELECT "active_storage_blobs".* FROM "active_storage_blobs" WHERE "active_storage_blobs"."id" = ? LIMIT ?[0m  [["id", 4], ["LIMIT", 1]]
  ↳ app/controllers/shared_files_controller.rb:4:in `show'
[36m  Disk Storage (0.3ms) [0m[34mDownloaded file from key: iseovep40swso237y3w4qgkw3nd6[0m
  Rendering text template
  Rendered text template (Duration: 0.0ms | Allocations: 4)
Sent data Sample1 (0.5ms)
Completed 200 OK in 7ms (Views: 0.3ms | ActiveRecord: 0.3ms | Allocations: 2531)


Started GET "/shared/jDtHZw" for ::1 at 2025-01-13 15:04:04 +0530
Processing by SharedFilesController#show as HTML
  Parameters: {"token"=>"[FILTERED]"}
  [1m[36mUploadedFile Load (0.2ms)[0m  [1m[34mSELECT "uploaded_files".* FROM "uploaded_files" WHERE "uploaded_files"."share_token" = ? LIMIT ?[0m  [["share_token", "[FILTERED]"], ["LIMIT", 1]]
  ↳ app/controllers/shared_files_controller.rb:3:in `show'
  [1m[36mActiveStorage::Attachment Load (0.2ms)[0m  [1m[34mSELECT "active_storage_attachments".* FROM "active_storage_attachments" WHERE "active_storage_attachments"."record_id" = ? AND "active_storage_attachments"."record_type" = ? AND "active_storage_attachments"."name" = ? LIMIT ?[0m  [["record_id", 2], ["record_type", "UploadedFile"], ["name", "file"], ["LIMIT", 1]]
  ↳ app/controllers/shared_files_controller.rb:4:in `show'
  [1m[36mActiveStorage::Blob Load (0.1ms)[0m  [1m[34mSELECT "active_storage_blobs".* FROM "active_storage_blobs" WHERE "active_storage_blobs"."id" = ? LIMIT ?[0m  [["id", 4], ["LIMIT", 1]]
  ↳ app/controllers/shared_files_controller.rb:4:in `show'
[36m  Disk Storage (0.2ms) [0m[34mDownloaded file from key: iseovep40swso237y3w4qgkw3nd6[0m
  Rendering text template
  Rendered text template (Duration: 0.0ms | Allocations: 4)
Sent data Sample1 (0.5ms)
Completed 200 OK in 8ms (Views: 0.4ms | ActiveRecord: 0.5ms | Allocations: 2320)


Started DELETE "/files/2/revoke_share_link" for ::1 at 2025-01-13 15:04:09 +0530
Processing by FilesController#revoke_share_link as TURBO_STREAM
  Parameters: {"authenticity_token"=>"[FILTERED]", "id"=>"2"}
  [1m[36mUser Load (0.2ms)[0m  [1m[34mSELECT "users".* FROM "users" WHERE "users"."id" = ? ORDER BY "users"."id" ASC LIMIT ?[0m  [["id", 1], ["LIMIT", 1]]
  [1m[36mUploadedFile Load (0.1ms)[0m  [1m[34mSELECT "uploaded_files".* FROM "uploaded_files" WHERE "uploaded_files"."user_id" = ? AND "uploaded_files"."id" = ? LIMIT ?[0m  [["user_id", 1], ["id", 2], ["LIMIT", 1]]
  ↳ app/controllers/files_controller.rb:61:in `set_file'
  [1m[36mTRANSACTION (0.1ms)[0m  [1m[36mbegin transaction[0m
  ↳ app/models/uploaded_file.rb:32:in `revoke_share_token'
  [1m[36mActiveStorage::Attachment Load (0.1ms)[0m  [1m[34mSELECT "active_storage_attachments".* FROM "active_storage_attachments" WHERE "active_storage_attachments"."record_id" = ? AND "active_storage_attachments"."record_type" = ? AND "active_storage_attachments"."name" = ? LIMIT ?[0m  [["record_id", 2], ["record_type", "UploadedFile"], ["name", "file"], ["LIMIT", 1]]
  ↳ app/models/uploaded_file.rb:32:in `revoke_share_token'
  [1m[36mActiveStorage::Blob Load (0.0ms)[0m  [1m[34mSELECT "active_storage_blobs".* FROM "active_storage_blobs" WHERE "active_storage_blobs"."id" = ? LIMIT ?[0m  [["id", 4], ["LIMIT", 1]]
  ↳ app/models/uploaded_file.rb:32:in `revoke_share_token'
  [1m[36mUploadedFile Update (0.8ms)[0m  [1m[33mUPDATE "uploaded_files" SET "share_token" = ?, "updated_at" = ? WHERE "uploaded_files"."id" = ?[0m  [["share_token", "[FILTERED]"], ["updated_at", "2025-01-13 09:34:09.162757"], ["id", 2]]
  ↳ app/models/uploaded_file.rb:32:in `revoke_share_token'
  [1m[36mTRANSACTION (0.9ms)[0m  [1m[36mcommit transaction[0m
  ↳ app/models/uploaded_file.rb:32:in `revoke_share_token'
Redirected to http://localhost:3000/files
Completed 302 Found in 15ms (ActiveRecord: 2.1ms | Allocations: 6535)


Started GET "/files" for ::1 at 2025-01-13 15:04:09 +0530
Processing by FilesController#index as TURBO_STREAM
  [1m[36mUser Load (0.1ms)[0m  [1m[34mSELECT "users".* FROM "users" WHERE "users"."id" = ? ORDER BY "users"."id" ASC LIMIT ?[0m  [["id", 1], ["LIMIT", 1]]
  Rendering layout layouts/application.html.erb
  Rendering files/index.html.erb within layouts/application
  [1m[36mUploadedFile Load (0.2ms)[0m  [1m[34mSELECT "uploaded_files".* FROM "uploaded_files" WHERE "uploaded_files"."user_id" = ?[0m  [["user_id", 1]]
  ↳ app/views/files/index.html.erb:22
  Rendered files/index.html.erb within layouts/application (Duration: 2.3ms | Allocations: 1278)
  Rendered layout layouts/application.html.erb (Duration: 4.3ms | Allocations: 3366)
Completed 200 OK in 8ms (Views: 4.7ms | ActiveRecord: 0.3ms | Allocations: 4992)


Started POST "/files/2/generate_share_link" for ::1 at 2025-01-13 15:04:10 +0530
Processing by FilesController#generate_share_link as TURBO_STREAM
  Parameters: {"authenticity_token"=>"[FILTERED]", "id"=>"2"}
  [1m[36mUser Load (0.2ms)[0m  [1m[34mSELECT "users".* FROM "users" WHERE "users"."id" = ? ORDER BY "users"."id" ASC LIMIT ?[0m  [["id", 1], ["LIMIT", 1]]
  [1m[36mUploadedFile Load (0.2ms)[0m  [1m[34mSELECT "uploaded_files".* FROM "uploaded_files" WHERE "uploaded_files"."user_id" = ? AND "uploaded_files"."id" = ? LIMIT ?[0m  [["user_id", 1], ["id", 2], ["LIMIT", 1]]
  ↳ app/controllers/files_controller.rb:61:in `set_file'
  [1m[36mUploadedFile Exists? (0.2ms)[0m  [1m[34mSELECT 1 AS one FROM "uploaded_files" WHERE "uploaded_files"."share_token" = ? LIMIT ?[0m  [["share_token", "[FILTERED]"], ["LIMIT", 1]]
  ↳ app/models/uploaded_file.rb:18:in `block in generate_share_token'
  [1m[36mTRANSACTION (0.0ms)[0m  [1m[36mbegin transaction[0m
  ↳ app/models/uploaded_file.rb:19:in `block in generate_share_token'
  [1m[36mActiveStorage::Attachment Load (0.1ms)[0m  [1m[34mSELECT "active_storage_attachments".* FROM "active_storage_attachments" WHERE "active_storage_attachments"."record_id" = ? AND "active_storage_attachments"."record_type" = ? AND "active_storage_attachments"."name" = ? LIMIT ?[0m  [["record_id", 2], ["record_type", "UploadedFile"], ["name", "file"], ["LIMIT", 1]]
  ↳ app/models/uploaded_file.rb:19:in `block in generate_share_token'
  [1m[36mActiveStorage::Blob Load (0.0ms)[0m  [1m[34mSELECT "active_storage_blobs".* FROM "active_storage_blobs" WHERE "active_storage_blobs"."id" = ? LIMIT ?[0m  [["id", 4], ["LIMIT", 1]]
  ↳ app/models/uploaded_file.rb:19:in `block in generate_share_token'
  [1m[36mUploadedFile Update (0.8ms)[0m  [1m[33mUPDATE "uploaded_files" SET "share_token" = ?, "updated_at" = ? WHERE "uploaded_files"."id" = ?[0m  [["share_token", "[FILTERED]"], ["updated_at", "2025-01-13 09:34:10.157512"], ["id", 2]]
  ↳ app/models/uploaded_file.rb:19:in `block in generate_share_token'
  [1m[36mTRANSACTION (1.0ms)[0m  [1m[36mcommit transaction[0m
  ↳ app/models/uploaded_file.rb:19:in `block in generate_share_token'
Redirected to http://localhost:3000/files
Completed 302 Found in 18ms (ActiveRecord: 2.6ms | Allocations: 6905)


Started GET "/files" for ::1 at 2025-01-13 15:04:10 +0530
Processing by FilesController#index as TURBO_STREAM
  [1m[36mUser Load (0.1ms)[0m  [1m[34mSELECT "users".* FROM "users" WHERE "users"."id" = ? ORDER BY "users"."id" ASC LIMIT ?[0m  [["id", 1], ["LIMIT", 1]]
  Rendering layout layouts/application.html.erb
  Rendering files/index.html.erb within layouts/application
  [1m[36mUploadedFile Load (0.1ms)[0m  [1m[34mSELECT "uploaded_files".* FROM "uploaded_files" WHERE "uploaded_files"."user_id" = ?[0m  [["user_id", 1]]
  ↳ app/views/files/index.html.erb:22
  Rendered files/index.html.erb within layouts/application (Duration: 1.9ms | Allocations: 1393)
  Rendered layout layouts/application.html.erb (Duration: 4.6ms | Allocations: 3359)
Completed 200 OK in 8ms (Views: 4.9ms | ActiveRecord: 0.2ms | Allocations: 4960)


Started GET "/shared/W6glnq" for ::1 at 2025-01-13 15:04:10 +0530
Processing by SharedFilesController#show as HTML
  Parameters: {"token"=>"[FILTERED]"}
  [1m[36mUploadedFile Load (0.2ms)[0m  [1m[34mSELECT "uploaded_files".* FROM "uploaded_files" WHERE "uploaded_files"."share_token" = ? LIMIT ?[0m  [["share_token", "[FILTERED]"], ["LIMIT", 1]]
  ↳ app/controllers/shared_files_controller.rb:3:in `show'
  [1m[36mActiveStorage::Attachment Load (0.2ms)[0m  [1m[34mSELECT "active_storage_attachments".* FROM "active_storage_attachments" WHERE "active_storage_attachments"."record_id" = ? AND "active_storage_attachments"."record_type" = ? AND "active_storage_attachments"."name" = ? LIMIT ?[0m  [["record_id", 2], ["record_type", "UploadedFile"], ["name", "file"], ["LIMIT", 1]]
  ↳ app/controllers/shared_files_controller.rb:4:in `show'
  [1m[36mActiveStorage::Blob Load (0.1ms)[0m  [1m[34mSELECT "active_storage_blobs".* FROM "active_storage_blobs" WHERE "active_storage_blobs"."id" = ? LIMIT ?[0m  [["id", 4], ["LIMIT", 1]]
  ↳ app/controllers/shared_files_controller.rb:4:in `show'
[36m  Disk Storage (0.3ms) [0m[34mDownloaded file from key: iseovep40swso237y3w4qgkw3nd6[0m
  Rendering text template
  Rendered text template (Duration: 0.0ms | Allocations: 4)
Sent data Sample1 (0.6ms)
Completed 200 OK in 8ms (Views: 0.4ms | ActiveRecord: 0.5ms | Allocations: 2323)


Started GET "/shared/W6glnq" for ::1 at 2025-01-13 15:04:16 +0530
Processing by SharedFilesController#show as HTML
  Parameters: {"token"=>"[FILTERED]"}
  [1m[36mUploadedFile Load (0.3ms)[0m  [1m[34mSELECT "uploaded_files".* FROM "uploaded_files" WHERE "uploaded_files"."share_token" = ? LIMIT ?[0m  [["share_token", "[FILTERED]"], ["LIMIT", 1]]
  ↳ app/controllers/shared_files_controller.rb:3:in `show'
  [1m[36mActiveStorage::Attachment Load (0.2ms)[0m  [1m[34mSELECT "active_storage_attachments".* FROM "active_storage_attachments" WHERE "active_storage_attachments"."record_id" = ? AND "active_storage_attachments"."record_type" = ? AND "active_storage_attachments"."name" = ? LIMIT ?[0m  [["record_id", 2], ["record_type", "UploadedFile"], ["name", "file"], ["LIMIT", 1]]
  ↳ app/controllers/shared_files_controller.rb:4:in `show'
  [1m[36mActiveStorage::Blob Load (0.1ms)[0m  [1m[34mSELECT "active_storage_blobs".* FROM "active_storage_blobs" WHERE "active_storage_blobs"."id" = ? LIMIT ?[0m  [["id", 4], ["LIMIT", 1]]
  ↳ app/controllers/shared_files_controller.rb:4:in `show'
[36m  Disk Storage (0.3ms) [0m[34mDownloaded file from key: iseovep40swso237y3w4qgkw3nd6[0m
  Rendering text template
  Rendered text template (Duration: 0.0ms | Allocations: 4)
Sent data Sample1 (0.5ms)
Completed 200 OK in 9ms (Views: 0.4ms | ActiveRecord: 0.5ms | Allocations: 2323)


Started GET "/shared/W6glnq" for ::1 at 2025-01-13 15:04:16 +0530
Processing by SharedFilesController#show as HTML
  Parameters: {"token"=>"[FILTERED]"}
  [1m[36mUploadedFile Load (0.2ms)[0m  [1m[34mSELECT "uploaded_files".* FROM "uploaded_files" WHERE "uploaded_files"."share_token" = ? LIMIT ?[0m  [["share_token", "[FILTERED]"], ["LIMIT", 1]]
  ↳ app/controllers/shared_files_controller.rb:3:in `show'
  [1m[36mActiveStorage::Attachment Load (0.2ms)[0m  [1m[34mSELECT "active_storage_attachments".* FROM "active_storage_attachments" WHERE "active_storage_attachments"."record_id" = ? AND "active_storage_attachments"."record_type" = ? AND "active_storage_attachments"."name" = ? LIMIT ?[0m  [["record_id", 2], ["record_type", "UploadedFile"], ["name", "file"], ["LIMIT", 1]]
  ↳ app/controllers/shared_files_controller.rb:4:in `show'
  [1m[36mActiveStorage::Blob Load (0.1ms)[0m  [1m[34mSELECT "active_storage_blobs".* FROM "active_storage_blobs" WHERE "active_storage_blobs"."id" = ? LIMIT ?[0m  [["id", 4], ["LIMIT", 1]]
  ↳ app/controllers/shared_files_controller.rb:4:in `show'
[36m  Disk Storage (0.5ms) [0m[34mDownloaded file from key: iseovep40swso237y3w4qgkw3nd6[0m
  Rendering text template
  Rendered text template (Duration: 0.0ms | Allocations: 4)
Sent data Sample1 (0.5ms)
Completed 200 OK in 9ms (Views: 0.3ms | ActiveRecord: 0.6ms | Allocations: 2322)


Started GET "/shared/W6glnq" for ::1 at 2025-01-13 15:04:18 +0530
Processing by SharedFilesController#show as HTML
  Parameters: {"token"=>"[FILTERED]"}
  [1m[36mUploadedFile Load (0.3ms)[0m  [1m[34mSELECT "uploaded_files".* FROM "uploaded_files" WHERE "uploaded_files"."share_token" = ? LIMIT ?[0m  [["share_token", "[FILTERED]"], ["LIMIT", 1]]
  ↳ app/controllers/shared_files_controller.rb:3:in `show'
  [1m[36mActiveStorage::Attachment Load (0.2ms)[0m  [1m[34mSELECT "active_storage_attachments".* FROM "active_storage_attachments" WHERE "active_storage_attachments"."record_id" = ? AND "active_storage_attachments"."record_type" = ? AND "active_storage_attachments"."name" = ? LIMIT ?[0m  [["record_id", 2], ["record_type", "UploadedFile"], ["name", "file"], ["LIMIT", 1]]
  ↳ app/controllers/shared_files_controller.rb:4:in `show'
  [1m[36mActiveStorage::Blob Load (0.2ms)[0m  [1m[34mSELECT "active_storage_blobs".* FROM "active_storage_blobs" WHERE "active_storage_blobs"."id" = ? LIMIT ?[0m  [["id", 4], ["LIMIT", 1]]
  ↳ app/controllers/shared_files_controller.rb:4:in `show'
[36m  Disk Storage (0.4ms) [0m[34mDownloaded file from key: iseovep40swso237y3w4qgkw3nd6[0m
  Rendering text template
  Rendered text template (Duration: 0.0ms | Allocations: 4)
Sent data Sample1 (0.6ms)
Completed 200 OK in 9ms (Views: 0.4ms | ActiveRecord: 0.6ms | Allocations: 2322)


Started GET "/shared/W6glnq" for ::1 at 2025-01-13 15:04:21 +0530
Processing by SharedFilesController#show as HTML
  Parameters: {"token"=>"[FILTERED]"}
  [1m[36mUploadedFile Load (0.3ms)[0m  [1m[34mSELECT "uploaded_files".* FROM "uploaded_files" WHERE "uploaded_files"."share_token" = ? LIMIT ?[0m  [["share_token", "[FILTERED]"], ["LIMIT", 1]]
  ↳ app/controllers/shared_files_controller.rb:3:in `show'
  [1m[36mActiveStorage::Attachment Load (0.2ms)[0m  [1m[34mSELECT "active_storage_attachments".* FROM "active_storage_attachments" WHERE "active_storage_attachments"."record_id" = ? AND "active_storage_attachments"."record_type" = ? AND "active_storage_attachments"."name" = ? LIMIT ?[0m  [["record_id", 2], ["record_type", "UploadedFile"], ["name", "file"], ["LIMIT", 1]]
  ↳ app/controllers/shared_files_controller.rb:4:in `show'
  [1m[36mActiveStorage::Blob Load (0.2ms)[0m  [1m[34mSELECT "active_storage_blobs".* FROM "active_storage_blobs" WHERE "active_storage_blobs"."id" = ? LIMIT ?[0m  [["id", 4], ["LIMIT", 1]]
  ↳ app/controllers/shared_files_controller.rb:4:in `show'
[36m  Disk Storage (0.5ms) [0m[34mDownloaded file from key: iseovep40swso237y3w4qgkw3nd6[0m
  Rendering text template
  Rendered text template (Duration: 0.0ms | Allocations: 4)
Sent data Sample1 (0.6ms)
Completed 200 OK in 8ms (Views: 0.4ms | ActiveRecord: 0.6ms | Allocations: 2320)


Started DELETE "/files/2/revoke_share_link" for ::1 at 2025-01-13 15:04:31 +0530
Processing by FilesController#revoke_share_link as TURBO_STREAM
  Parameters: {"authenticity_token"=>"[FILTERED]", "id"=>"2"}
  [1m[36mUser Load (0.2ms)[0m  [1m[34mSELECT "users".* FROM "users" WHERE "users"."id" = ? ORDER BY "users"."id" ASC LIMIT ?[0m  [["id", 1], ["LIMIT", 1]]
  [1m[36mUploadedFile Load (0.1ms)[0m  [1m[34mSELECT "uploaded_files".* FROM "uploaded_files" WHERE "uploaded_files"."user_id" = ? AND "uploaded_files"."id" = ? LIMIT ?[0m  [["user_id", 1], ["id", 2], ["LIMIT", 1]]
  ↳ app/controllers/files_controller.rb:61:in `set_file'
  [1m[36mTRANSACTION (0.1ms)[0m  [1m[36mbegin transaction[0m
  ↳ app/models/uploaded_file.rb:32:in `revoke_share_token'
  [1m[36mActiveStorage::Attachment Load (0.1ms)[0m  [1m[34mSELECT "active_storage_attachments".* FROM "active_storage_attachments" WHERE "active_storage_attachments"."record_id" = ? AND "active_storage_attachments"."record_type" = ? AND "active_storage_attachments"."name" = ? LIMIT ?[0m  [["record_id", 2], ["record_type", "UploadedFile"], ["name", "file"], ["LIMIT", 1]]
  ↳ app/models/uploaded_file.rb:32:in `revoke_share_token'
  [1m[36mActiveStorage::Blob Load (0.1ms)[0m  [1m[34mSELECT "active_storage_blobs".* FROM "active_storage_blobs" WHERE "active_storage_blobs"."id" = ? LIMIT ?[0m  [["id", 4], ["LIMIT", 1]]
  ↳ app/models/uploaded_file.rb:32:in `revoke_share_token'
  [1m[36mUploadedFile Update (0.6ms)[0m  [1m[33mUPDATE "uploaded_files" SET "share_token" = ?, "updated_at" = ? WHERE "uploaded_files"."id" = ?[0m  [["share_token", "[FILTERED]"], ["updated_at", "2025-01-13 09:34:31.405030"], ["id", 2]]
  ↳ app/models/uploaded_file.rb:32:in `revoke_share_token'
  [1m[36mTRANSACTION (1.0ms)[0m  [1m[36mcommit transaction[0m
  ↳ app/models/uploaded_file.rb:32:in `revoke_share_token'
Redirected to http://localhost:3000/files
Completed 302 Found in 13ms (ActiveRecord: 2.1ms | Allocations: 6332)


Started GET "/files" for ::1 at 2025-01-13 15:04:31 +0530
Processing by FilesController#index as TURBO_STREAM
  [1m[36mUser Load (0.1ms)[0m  [1m[34mSELECT "users".* FROM "users" WHERE "users"."id" = ? ORDER BY "users"."id" ASC LIMIT ?[0m  [["id", 1], ["LIMIT", 1]]
  Rendering layout layouts/application.html.erb
  Rendering files/index.html.erb within layouts/application
  [1m[36mUploadedFile Load (0.1ms)[0m  [1m[34mSELECT "uploaded_files".* FROM "uploaded_files" WHERE "uploaded_files"."user_id" = ?[0m  [["user_id", 1]]
  ↳ app/views/files/index.html.erb:22
  Rendered files/index.html.erb within layouts/application (Duration: 1.7ms | Allocations: 1235)
  Rendered layout layouts/application.html.erb (Duration: 3.7ms | Allocations: 3208)
Completed 200 OK in 6ms (Views: 4.1ms | ActiveRecord: 0.2ms | Allocations: 4843)


Started GET "/files" for ::1 at 2025-01-13 15:06:04 +0530
Processing by FilesController#index as HTML
  [1m[36mUser Load (0.3ms)[0m  [1m[34mSELECT "users".* FROM "users" WHERE "users"."id" = ? ORDER BY "users"."id" ASC LIMIT ?[0m  [["id", 1], ["LIMIT", 1]]
  Rendering layout layouts/application.html.erb
  Rendering files/index.html.erb within layouts/application
  [1m[36mUploadedFile Load (0.2ms)[0m  [1m[34mSELECT "uploaded_files".* FROM "uploaded_files" WHERE "uploaded_files"."user_id" = ?[0m  [["user_id", 1]]
  ↳ app/views/files/index.html.erb:22
  Rendered files/index.html.erb within layouts/application (Duration: 7.8ms | Allocations: 2141)
  Rendered layout layouts/application.html.erb (Duration: 24.9ms | Allocations: 8035)
Completed 200 OK in 38ms (Views: 28.4ms | ActiveRecord: 0.4ms | Allocations: 10379)


Started POST "/files/2/generate_share_link" for ::1 at 2025-01-13 15:06:05 +0530
Processing by FilesController#generate_share_link as TURBO_STREAM
  Parameters: {"authenticity_token"=>"[FILTERED]", "id"=>"2"}
  [1m[36mUser Load (0.2ms)[0m  [1m[34mSELECT "users".* FROM "users" WHERE "users"."id" = ? ORDER BY "users"."id" ASC LIMIT ?[0m  [["id", 1], ["LIMIT", 1]]
  [1m[36mUploadedFile Load (0.3ms)[0m  [1m[34mSELECT "uploaded_files".* FROM "uploaded_files" WHERE "uploaded_files"."user_id" = ? AND "uploaded_files"."id" = ? LIMIT ?[0m  [["user_id", 1], ["id", 2], ["LIMIT", 1]]
  ↳ app/controllers/files_controller.rb:61:in `set_file'
  [1m[36mUploadedFile Exists? (0.2ms)[0m  [1m[34mSELECT 1 AS one FROM "uploaded_files" WHERE "uploaded_files"."share_token" = ? LIMIT ?[0m  [["share_token", "[FILTERED]"], ["LIMIT", 1]]
  ↳ app/models/uploaded_file.rb:18:in `block in generate_share_token'
  [1m[36mTRANSACTION (0.1ms)[0m  [1m[36mbegin transaction[0m
  ↳ app/models/uploaded_file.rb:19:in `block in generate_share_token'
  [1m[36mActiveStorage::Attachment Load (0.1ms)[0m  [1m[34mSELECT "active_storage_attachments".* FROM "active_storage_attachments" WHERE "active_storage_attachments"."record_id" = ? AND "active_storage_attachments"."record_type" = ? AND "active_storage_attachments"."name" = ? LIMIT ?[0m  [["record_id", 2], ["record_type", "UploadedFile"], ["name", "file"], ["LIMIT", 1]]
  ↳ app/models/uploaded_file.rb:19:in `block in generate_share_token'
  [1m[36mActiveStorage::Blob Load (0.0ms)[0m  [1m[34mSELECT "active_storage_blobs".* FROM "active_storage_blobs" WHERE "active_storage_blobs"."id" = ? LIMIT ?[0m  [["id", 4], ["LIMIT", 1]]
  ↳ app/models/uploaded_file.rb:19:in `block in generate_share_token'
  [1m[36mUploadedFile Update (0.8ms)[0m  [1m[33mUPDATE "uploaded_files" SET "share_token" = ?, "updated_at" = ? WHERE "uploaded_files"."id" = ?[0m  [["share_token", "[FILTERED]"], ["updated_at", "2025-01-13 09:36:06.026823"], ["id", 2]]
  ↳ app/models/uploaded_file.rb:19:in `block in generate_share_token'
  [1m[36mTRANSACTION (2.0ms)[0m  [1m[36mcommit transaction[0m
  ↳ app/models/uploaded_file.rb:19:in `block in generate_share_token'
Redirected to http://localhost:3000/files
Completed 302 Found in 22ms (ActiveRecord: 3.7ms | Allocations: 7121)


Started GET "/files" for ::1 at 2025-01-13 15:06:06 +0530
Processing by FilesController#index as TURBO_STREAM
  [1m[36mUser Load (0.1ms)[0m  [1m[34mSELECT "users".* FROM "users" WHERE "users"."id" = ? ORDER BY "users"."id" ASC LIMIT ?[0m  [["id", 1], ["LIMIT", 1]]
  Rendering layout layouts/application.html.erb
  Rendering files/index.html.erb within layouts/application
  [1m[36mUploadedFile Load (0.1ms)[0m  [1m[34mSELECT "uploaded_files".* FROM "uploaded_files" WHERE "uploaded_files"."user_id" = ?[0m  [["user_id", 1]]
  ↳ app/views/files/index.html.erb:22
  Rendered files/index.html.erb within layouts/application (Duration: 1.8ms | Allocations: 1401)
  Rendered layout layouts/application.html.erb (Duration: 4.1ms | Allocations: 3368)
Completed 200 OK in 7ms (Views: 4.4ms | ActiveRecord: 0.1ms | Allocations: 5057)


Started GET "/shared/DdwRkV" for ::1 at 2025-01-13 15:06:12 +0530
Processing by SharedFilesController#show as HTML
  Parameters: {"token"=>"[FILTERED]"}
  [1m[36mUploadedFile Load (0.1ms)[0m  [1m[34mSELECT "uploaded_files".* FROM "uploaded_files" WHERE "uploaded_files"."share_token" = ? LIMIT ?[0m  [["share_token", "[FILTERED]"], ["LIMIT", 1]]
  ↳ app/controllers/shared_files_controller.rb:3:in `show'
  [1m[36mActiveStorage::Attachment Load (0.1ms)[0m  [1m[34mSELECT "active_storage_attachments".* FROM "active_storage_attachments" WHERE "active_storage_attachments"."record_id" = ? AND "active_storage_attachments"."record_type" = ? AND "active_storage_attachments"."name" = ? LIMIT ?[0m  [["record_id", 2], ["record_type", "UploadedFile"], ["name", "file"], ["LIMIT", 1]]
  ↳ app/controllers/shared_files_controller.rb:4:in `show'
  [1m[36mActiveStorage::Blob Load (0.1ms)[0m  [1m[34mSELECT "active_storage_blobs".* FROM "active_storage_blobs" WHERE "active_storage_blobs"."id" = ? LIMIT ?[0m  [["id", 4], ["LIMIT", 1]]
  ↳ app/controllers/shared_files_controller.rb:4:in `show'
[36m  Disk Storage (0.7ms) [0m[34mDownloaded file from key: iseovep40swso237y3w4qgkw3nd6[0m
  Rendering text template
  Rendered text template (Duration: 0.0ms | Allocations: 7)
Sent data Sample1 (1.3ms)
Completed 200 OK in 7ms (Views: 1.1ms | ActiveRecord: 0.3ms | Allocations: 2606)


Started GET "/shared/DdwRkV" for ::1 at 2025-01-13 15:06:13 +0530
Processing by SharedFilesController#show as HTML
  Parameters: {"token"=>"[FILTERED]"}
  [1m[36mUploadedFile Load (0.2ms)[0m  [1m[34mSELECT "uploaded_files".* FROM "uploaded_files" WHERE "uploaded_files"."share_token" = ? LIMIT ?[0m  [["share_token", "[FILTERED]"], ["LIMIT", 1]]
  ↳ app/controllers/shared_files_controller.rb:3:in `show'
  [1m[36mActiveStorage::Attachment Load (0.2ms)[0m  [1m[34mSELECT "active_storage_attachments".* FROM "active_storage_attachments" WHERE "active_storage_attachments"."record_id" = ? AND "active_storage_attachments"."record_type" = ? AND "active_storage_attachments"."name" = ? LIMIT ?[0m  [["record_id", 2], ["record_type", "UploadedFile"], ["name", "file"], ["LIMIT", 1]]
  ↳ app/controllers/shared_files_controller.rb:4:in `show'
  [1m[36mActiveStorage::Blob Load (0.1ms)[0m  [1m[34mSELECT "active_storage_blobs".* FROM "active_storage_blobs" WHERE "active_storage_blobs"."id" = ? LIMIT ?[0m  [["id", 4], ["LIMIT", 1]]
  ↳ app/controllers/shared_files_controller.rb:4:in `show'
[36m  Disk Storage (0.5ms) [0m[34mDownloaded file from key: iseovep40swso237y3w4qgkw3nd6[0m
  Rendering text template
  Rendered text template (Duration: 0.1ms | Allocations: 4)
Sent data Sample1 (1.6ms)
Completed 200 OK in 10ms (Views: 1.3ms | ActiveRecord: 0.5ms | Allocations: 2531)


Started DELETE "/files/2/revoke_share_link" for ::1 at 2025-01-13 15:06:14 +0530
Processing by FilesController#revoke_share_link as TURBO_STREAM
  Parameters: {"authenticity_token"=>"[FILTERED]", "id"=>"2"}
  [1m[36mUser Load (0.2ms)[0m  [1m[34mSELECT "users".* FROM "users" WHERE "users"."id" = ? ORDER BY "users"."id" ASC LIMIT ?[0m  [["id", 1], ["LIMIT", 1]]
  [1m[36mUploadedFile Load (0.1ms)[0m  [1m[34mSELECT "uploaded_files".* FROM "uploaded_files" WHERE "uploaded_files"."user_id" = ? AND "uploaded_files"."id" = ? LIMIT ?[0m  [["user_id", 1], ["id", 2], ["LIMIT", 1]]
  ↳ app/controllers/files_controller.rb:61:in `set_file'
  [1m[36mTRANSACTION (0.1ms)[0m  [1m[36mbegin transaction[0m
  ↳ app/models/uploaded_file.rb:32:in `revoke_share_token'
  [1m[36mActiveStorage::Attachment Load (0.1ms)[0m  [1m[34mSELECT "active_storage_attachments".* FROM "active_storage_attachments" WHERE "active_storage_attachments"."record_id" = ? AND "active_storage_attachments"."record_type" = ? AND "active_storage_attachments"."name" = ? LIMIT ?[0m  [["record_id", 2], ["record_type", "UploadedFile"], ["name", "file"], ["LIMIT", 1]]
  ↳ app/models/uploaded_file.rb:32:in `revoke_share_token'
  [1m[36mActiveStorage::Blob Load (0.0ms)[0m  [1m[34mSELECT "active_storage_blobs".* FROM "active_storage_blobs" WHERE "active_storage_blobs"."id" = ? LIMIT ?[0m  [["id", 4], ["LIMIT", 1]]
  ↳ app/models/uploaded_file.rb:32:in `revoke_share_token'
  [1m[36mUploadedFile Update (0.8ms)[0m  [1m[33mUPDATE "uploaded_files" SET "share_token" = ?, "updated_at" = ? WHERE "uploaded_files"."id" = ?[0m  [["share_token", "[FILTERED]"], ["updated_at", "2025-01-13 09:36:14.738584"], ["id", 2]]
  ↳ app/models/uploaded_file.rb:32:in `revoke_share_token'
  [1m[36mTRANSACTION (1.0ms)[0m  [1m[36mcommit transaction[0m
  ↳ app/models/uploaded_file.rb:32:in `revoke_share_token'
Redirected to http://localhost:3000/files
Completed 302 Found in 16ms (ActiveRecord: 2.2ms | Allocations: 6515)


Started GET "/files" for ::1 at 2025-01-13 15:06:14 +0530
Processing by FilesController#index as TURBO_STREAM
  [1m[36mUser Load (0.1ms)[0m  [1m[34mSELECT "users".* FROM "users" WHERE "users"."id" = ? ORDER BY "users"."id" ASC LIMIT ?[0m  [["id", 1], ["LIMIT", 1]]
  Rendering layout layouts/application.html.erb
  Rendering files/index.html.erb within layouts/application
  [1m[36mUploadedFile Load (0.1ms)[0m  [1m[34mSELECT "uploaded_files".* FROM "uploaded_files" WHERE "uploaded_files"."user_id" = ?[0m  [["user_id", 1]]
  ↳ app/views/files/index.html.erb:22
  Rendered files/index.html.erb within layouts/application (Duration: 1.9ms | Allocations: 1278)
  Rendered layout layouts/application.html.erb (Duration: 4.5ms | Allocations: 3366)
Completed 200 OK in 8ms (Views: 4.8ms | ActiveRecord: 0.2ms | Allocations: 5007)


Started GET "/files/2" for ::1 at 2025-01-13 15:06:15 +0530
Processing by FilesController#show as HTML
  Parameters: {"id"=>"2"}
  [1m[36mUser Load (0.2ms)[0m  [1m[34mSELECT "users".* FROM "users" WHERE "users"."id" = ? ORDER BY "users"."id" ASC LIMIT ?[0m  [["id", 1], ["LIMIT", 1]]
  [1m[36mUploadedFile Load (0.2ms)[0m  [1m[34mSELECT "uploaded_files".* FROM "uploaded_files" WHERE "uploaded_files"."user_id" = ? AND "uploaded_files"."id" = ? LIMIT ?[0m  [["user_id", 1], ["id", 2], ["LIMIT", 1]]
  ↳ app/controllers/files_controller.rb:61:in `set_file'
  [1m[36mActiveStorage::Attachment Load (0.2ms)[0m  [1m[34mSELECT "active_storage_attachments".* FROM "active_storage_attachments" WHERE "active_storage_attachments"."record_id" = ? AND "active_storage_attachments"."record_type" = ? AND "active_storage_attachments"."name" = ? LIMIT ?[0m  [["record_id", 2], ["record_type", "UploadedFile"], ["name", "file"], ["LIMIT", 1]]
  ↳ app/controllers/files_controller.rb:11:in `show'
  [1m[36mActiveStorage::Blob Load (0.1ms)[0m  [1m[34mSELECT "active_storage_blobs".* FROM "active_storage_blobs" WHERE "active_storage_blobs"."id" = ? LIMIT ?[0m  [["id", 4], ["LIMIT", 1]]
  ↳ app/controllers/files_controller.rb:12:in `show'
[36m  Disk Storage (0.3ms) [0m[34mDownloaded file from key: iseovep40swso237y3w4qgkw3nd6[0m
  Rendering text template
  Rendered text template (Duration: 0.0ms | Allocations: 4)
Sent data Resume.pdf (0.5ms)
Completed 200 OK in 12ms (Views: 0.3ms | ActiveRecord: 0.7ms | Allocations: 3917)


Started DELETE "/files/2" for ::1 at 2025-01-13 15:06:16 +0530
Processing by FilesController#destroy as TURBO_STREAM
  Parameters: {"authenticity_token"=>"[FILTERED]", "id"=>"2"}
  [1m[36mUser Load (0.2ms)[0m  [1m[34mSELECT "users".* FROM "users" WHERE "users"."id" = ? ORDER BY "users"."id" ASC LIMIT ?[0m  [["id", 1], ["LIMIT", 1]]
  [1m[36mUploadedFile Load (0.1ms)[0m  [1m[34mSELECT "uploaded_files".* FROM "uploaded_files" WHERE "uploaded_files"."user_id" = ? AND "uploaded_files"."id" = ? LIMIT ?[0m  [["user_id", 1], ["id", 2], ["LIMIT", 1]]
  ↳ app/controllers/files_controller.rb:61:in `set_file'
  [1m[36mTRANSACTION (0.1ms)[0m  [1m[36mbegin transaction[0m
  ↳ app/controllers/files_controller.rb:35:in `destroy'
  [1m[36mActiveStorage::Attachment Load (0.1ms)[0m  [1m[34mSELECT "active_storage_attachments".* FROM "active_storage_attachments" WHERE "active_storage_attachments"."record_id" = ? AND "active_storage_attachments"."record_type" = ? AND "active_storage_attachments"."name" = ? LIMIT ?[0m  [["record_id", 2], ["record_type", "UploadedFile"], ["name", "file"], ["LIMIT", 1]]
  ↳ app/controllers/files_controller.rb:35:in `destroy'
  [1m[36mActiveStorage::Attachment Destroy (0.7ms)[0m  [1m[31mDELETE FROM "active_storage_attachments" WHERE "active_storage_attachments"."id" = ?[0m  [["id", 4]]
  ↳ app/controllers/files_controller.rb:35:in `destroy'
  [1m[36mUploadedFile Destroy (0.2ms)[0m  [1m[31mDELETE FROM "uploaded_files" WHERE "uploaded_files"."id" = ?[0m  [["id", 2]]
  ↳ app/controllers/files_controller.rb:35:in `destroy'
  [1m[36mTRANSACTION (1.1ms)[0m  [1m[36mcommit transaction[0m
  ↳ app/controllers/files_controller.rb:35:in `destroy'
  [1m[36mActiveStorage::Blob Load (0.1ms)[0m  [1m[34mSELECT "active_storage_blobs".* FROM "active_storage_blobs" WHERE "active_storage_blobs"."id" = ? LIMIT ?[0m  [["id", 4], ["LIMIT", 1]]
  ↳ app/controllers/files_controller.rb:35:in `destroy'
[ActiveJob] Enqueued ActiveStorage::PurgeJob (Job ID: 04b6746d-b6cf-45b6-a699-5c6c3a9a2a5e) to Async(default) with arguments: #<GlobalID:0x000000010838b798 @uri=#<URI::GID gid://secure-file-sharing/ActiveStorage::Blob/4>>
Redirected to http://localhost:3000/files
Completed 302 Found in 17ms (ActiveRecord: 2.4ms | Allocations: 6763)


Started GET "/files" for ::1 at 2025-01-13 15:06:16 +0530
[ActiveJob] [ActiveStorage::PurgeJob] [04b6746d-b6cf-45b6-a699-5c6c3a9a2a5e]   [1m[36mActiveStorage::Blob Load (0.1ms)[0m  [1m[34mSELECT "active_storage_blobs".* FROM "active_storage_blobs" WHERE "active_storage_blobs"."id" = ? LIMIT ?[0m  [["id", 4], ["LIMIT", 1]]
[ActiveJob] [ActiveStorage::PurgeJob] [04b6746d-b6cf-45b6-a699-5c6c3a9a2a5e] Performing ActiveStorage::PurgeJob (Job ID: 04b6746d-b6cf-45b6-a699-5c6c3a9a2a5e) from Async(default) enqueued at 2025-01-13T09:36:16Z with arguments: #<GlobalID:0x00000001083a8348 @uri=#<URI::GID gid://secure-file-sharing/ActiveStorage::Blob/4>>
[ActiveJob] [ActiveStorage::PurgeJob] [04b6746d-b6cf-45b6-a699-5c6c3a9a2a5e]   [1m[36mTRANSACTION (0.0ms)[0m  [1m[36mbegin transaction[0m
[ActiveJob] [ActiveStorage::PurgeJob] [04b6746d-b6cf-45b6-a699-5c6c3a9a2a5e]   [1m[36mActiveStorage::Attachment Exists? (0.1ms)[0m  [1m[34mSELECT 1 AS one FROM "active_storage_attachments" WHERE "active_storage_attachments"."blob_id" = ? LIMIT ?[0m  [["blob_id", 4], ["LIMIT", 1]]
[ActiveJob] [ActiveStorage::PurgeJob] [04b6746d-b6cf-45b6-a699-5c6c3a9a2a5e]   [1m[36mActiveStorage::VariantRecord Load (0.0ms)[0m  [1m[34mSELECT "active_storage_variant_records".* FROM "active_storage_variant_records" WHERE "active_storage_variant_records"."blob_id" = ?[0m  [["blob_id", 4]]
[ActiveJob] [ActiveStorage::PurgeJob] [04b6746d-b6cf-45b6-a699-5c6c3a9a2a5e]   [1m[36mActiveStorage::Attachment Load (0.0ms)[0m  [1m[34mSELECT "active_storage_attachments".* FROM "active_storage_attachments" WHERE "active_storage_attachments"."record_id" = ? AND "active_storage_attachments"."record_type" = ? AND "active_storage_attachments"."name" = ? LIMIT ?[0m  [["record_id", 4], ["record_type", "ActiveStorage::Blob"], ["name", "preview_image"], ["LIMIT", 1]]
[ActiveJob] [ActiveStorage::PurgeJob] [04b6746d-b6cf-45b6-a699-5c6c3a9a2a5e]   [1m[36mActiveStorage::Blob Destroy (0.5ms)[0m  [1m[31mDELETE FROM "active_storage_blobs" WHERE "active_storage_blobs"."id" = ?[0m  [["id", 4]]
[ActiveJob] [ActiveStorage::PurgeJob] [04b6746d-b6cf-45b6-a699-5c6c3a9a2a5e]   [1m[36mTRANSACTION (0.6ms)[0m  [1m[36mcommit transaction[0m
[ActiveJob] [ActiveStorage::PurgeJob] [04b6746d-b6cf-45b6-a699-5c6c3a9a2a5e] [36m  Disk Storage (0.2ms) [0m[31mDeleted file from key: iseovep40swso237y3w4qgkw3nd6[0m
[ActiveJob] [ActiveStorage::PurgeJob] [04b6746d-b6cf-45b6-a699-5c6c3a9a2a5e] Performed ActiveStorage::PurgeJob (Job ID: 04b6746d-b6cf-45b6-a699-5c6c3a9a2a5e) from Async(default) in 8.77ms
Processing by FilesController#index as TURBO_STREAM
  [1m[36mUser Load (0.1ms)[0m  [1m[34mSELECT "users".* FROM "users" WHERE "users"."id" = ? ORDER BY "users"."id" ASC LIMIT ?[0m  [["id", 1], ["LIMIT", 1]]
  Rendering layout layouts/application.html.erb
  Rendering files/index.html.erb within layouts/application
  [1m[36mUploadedFile Load (0.0ms)[0m  [1m[34mSELECT "uploaded_files".* FROM "uploaded_files" WHERE "uploaded_files"."user_id" = ?[0m  [["user_id", 1]]
  ↳ app/views/files/index.html.erb:22
  Rendered files/index.html.erb within layouts/application (Duration: 0.7ms | Allocations: 702)
  Rendered layout layouts/application.html.erb (Duration: 2.5ms | Allocations: 2675)
Completed 200 OK in 4ms (Views: 2.7ms | ActiveRecord: 0.1ms | Allocations: 4274)


Started GET "/files/new" for ::1 at 2025-01-13 15:06:17 +0530
Processing by FilesController#new as HTML
  [1m[36mUser Load (0.2ms)[0m  [1m[34mSELECT "users".* FROM "users" WHERE "users"."id" = ? ORDER BY "users"."id" ASC LIMIT ?[0m  [["id", 1], ["LIMIT", 1]]
  Rendering layout layouts/application.html.erb
  Rendering files/new.html.erb within layouts/application
  Rendered files/new.html.erb within layouts/application (Duration: 4.0ms | Allocations: 1412)
  Rendered layout layouts/application.html.erb (Duration: 7.2ms | Allocations: 3373)
Completed 200 OK in 13ms (Views: 7.7ms | ActiveRecord: 0.2ms | Allocations: 5215)


Started POST "/files" for ::1 at 2025-01-13 15:06:24 +0530
Processing by FilesController#create as TURBO_STREAM
  Parameters: {"authenticity_token"=>"[FILTERED]", "uploaded_file"=>{"title"=>"Sample1", "description"=>"aasdf", "file"=>#<ActionDispatch::Http::UploadedFile:0x0000000108558788 @tempfile=#<Tempfile:/var/folders/bb/fdrz1_dd4sd683jrwf41cdk00000gn/T/RackMultipart20250113-19880-5asnfn.pdf>, @content_type="application/pdf", @original_filename="Resume.pdf", @headers="Content-Disposition: form-data; name=\"uploaded_file[file]\"; filename=\"Resume.pdf\"\r\nContent-Type: application/pdf\r\n">}, "commit"=>"Upload"}
  [1m[36mUser Load (0.1ms)[0m  [1m[34mSELECT "users".* FROM "users" WHERE "users"."id" = ? ORDER BY "users"."id" ASC LIMIT ?[0m  [["id", 1], ["LIMIT", 1]]
  [1m[36mTRANSACTION (0.1ms)[0m  [1m[36mbegin transaction[0m
  ↳ app/controllers/files_controller.rb:27:in `create'
  [1m[36mUploadedFile Create (0.6ms)[0m  [1m[32mINSERT INTO "uploaded_files" ("title", "description", "content_type", "share_token", "user_id", "created_at", "updated_at") VALUES (?, ?, ?, ?, ?, ?, ?)[0m  [["title", "Sample1"], ["description", "aasdf"], ["content_type", "application/pdf"], ["share_token", "[FILTERED]"], ["user_id", 1], ["created_at", "2025-01-13 09:36:24.615713"], ["updated_at", "2025-01-13 09:36:24.615713"]]
  ↳ app/controllers/files_controller.rb:27:in `create'
[ActiveJob] Enqueued CompressFileJob (Job ID: b1bb76a0-f2e0-4ea8-8028-6aeef8905b08) to Async(default) with arguments: #<GlobalID:0x00000001085c9a78 @uri=#<URI::GID gid://secure-file-sharing/UploadedFile/3>>
  [1m[36mActiveStorage::Attachment Load (0.0ms)[0m  [1m[34mSELECT "active_storage_attachments".* FROM "active_storage_attachments" WHERE "active_storage_attachments"."record_id" = ? AND "active_storage_attachments"."record_type" = ? AND "active_storage_attachments"."name" = ? LIMIT ?[0m  [["record_id", 3], ["record_type", "UploadedFile"], ["name", "file"], ["LIMIT", 1]]
  ↳ app/controllers/files_controller.rb:27:in `create'
  [1m[36mActiveStorage::Blob Create (0.2ms)[0m  [1m[32mINSERT INTO "active_storage_blobs" ("key", "filename", "content_type", "metadata", "service_name", "byte_size", "checksum", "created_at") VALUES (?, ?, ?, ?, ?, ?, ?, ?)[0m  [["key", "w0icy3rgjqf6k5wr8miaig200ih9"], ["filename", "Resume.pdf"], ["content_type", "application/pdf"], ["metadata", "{\"identified\":true}"], ["service_name", "local"], ["byte_size", 746661], ["checksum", "SRBwaA5d6IuTNYZfAx6Ljw=="], ["created_at", "2025-01-13 09:36:24.620873"]]
  ↳ app/controllers/files_controller.rb:27:in `create'
  [1m[36mActiveStorage::Attachment Create (0.1ms)[0m  [1m[32mINSERT INTO "active_storage_attachments" ("name", "record_type", "record_id", "blob_id", "created_at") VALUES (?, ?, ?, ?, ?)[0m  [["name", "file"], ["record_type", "UploadedFile"], ["record_id", 3], ["blob_id", 5], ["created_at", "2025-01-13 09:36:24.622853"]]
  ↳ app/controllers/files_controller.rb:27:in `create'
  [1m[36mUploadedFile Update (0.1ms)[0m  [1m[33mUPDATE "uploaded_files" SET "updated_at" = ? WHERE "uploaded_files"."id" = ?[0m  [["updated_at", "2025-01-13 09:36:24.624214"], ["id", 3]]
  ↳ app/controllers/files_controller.rb:27:in `create'
  [1m[36mTRANSACTION (1.3ms)[0m  [1m[36mcommit transaction[0m
  ↳ app/controllers/files_controller.rb:27:in `create'
[36m  Disk Storage (5.2ms) [0m[32mUploaded file to key: w0icy3rgjqf6k5wr8miaig200ih9 (checksum: SRBwaA5d6IuTNYZfAx6Ljw==)[0m
  [1m[36mTRANSACTION (0.0ms)[0m  [1m[36mbegin transaction[0m
  ↳ app/controllers/files_controller.rb:27:in `create'
  [1m[36mActiveStorage::Blob Update (0.4ms)[0m  [1m[33mUPDATE "active_storage_blobs" SET "metadata" = ? WHERE "active_storage_blobs"."id" = ?[0m  [["metadata", "{\"identified\":true,\"analyzed\":true}"], ["id", 5]]
  ↳ app/controllers/files_controller.rb:27:in `create'
  [1m[36mTRANSACTION (0.6ms)[0m  [1m[36mcommit transaction[0m
  ↳ app/controllers/files_controller.rb:27:in `create'
Redirected to http://localhost:3000/files
Completed 302 Found in 31ms (ActiveRecord: 3.5ms | Allocations: 10887)


[ActiveJob] [CompressFileJob] [b1bb76a0-f2e0-4ea8-8028-6aeef8905b08]   [1m[36mUploadedFile Load (0.1ms)[0m  [1m[34mSELECT "uploaded_files".* FROM "uploaded_files" WHERE "uploaded_files"."id" = ? LIMIT ?[0m  [["id", 3], ["LIMIT", 1]]
[ActiveJob] [CompressFileJob] [b1bb76a0-f2e0-4ea8-8028-6aeef8905b08] Performing CompressFileJob (Job ID: b1bb76a0-f2e0-4ea8-8028-6aeef8905b08) from Async(default) enqueued at 2025-01-13T09:36:24Z with arguments: #<GlobalID:0x0000000108680cc8 @uri=#<URI::GID gid://secure-file-sharing/UploadedFile/3>>
[ActiveJob] [CompressFileJob] [b1bb76a0-f2e0-4ea8-8028-6aeef8905b08]   [1m[36mActiveStorage::Attachment Load (0.0ms)[0m  [1m[34mSELECT "active_storage_attachments".* FROM "active_storage_attachments" WHERE "active_storage_attachments"."record_id" = ? AND "active_storage_attachments"."record_type" = ? AND "active_storage_attachments"."name" = ? LIMIT ?[0m  [["record_id", 3], ["record_type", "UploadedFile"], ["name", "file"], ["LIMIT", 1]]
[ActiveJob] [CompressFileJob] [b1bb76a0-f2e0-4ea8-8028-6aeef8905b08]   ↳ app/jobs/compress_file_job.rb:10:in `perform'
[ActiveJob] [CompressFileJob] [b1bb76a0-f2e0-4ea8-8028-6aeef8905b08]   [1m[36mActiveStorage::Blob Load (0.0ms)[0m  [1m[34mSELECT "active_storage_blobs".* FROM "active_storage_blobs" WHERE "active_storage_blobs"."id" = ? LIMIT ?[0m  [["id", 5], ["LIMIT", 1]]
[ActiveJob] [CompressFileJob] [b1bb76a0-f2e0-4ea8-8028-6aeef8905b08]   ↳ app/jobs/compress_file_job.rb:59:in `downloaded_tempfile'
Started GET "/files" for ::1 at 2025-01-13 15:06:24 +0530
[ActiveJob] [CompressFileJob] [b1bb76a0-f2e0-4ea8-8028-6aeef8905b08] [36m  Disk Storage (0.9ms) [0m[34mDownloaded file from key: w0icy3rgjqf6k5wr8miaig200ih9[0m
Processing by FilesController#index as TURBO_STREAM
  [1m[36mUser Load (0.1ms)[0m  [1m[34mSELECT "users".* FROM "users" WHERE "users"."id" = ? ORDER BY "users"."id" ASC LIMIT ?[0m  [["id", 1], ["LIMIT", 1]]
  Rendering layout layouts/application.html.erb
  Rendering files/index.html.erb within layouts/application
  [1m[36mUploadedFile Load (0.0ms)[0m  [1m[34mSELECT "uploaded_files".* FROM "uploaded_files" WHERE "uploaded_files"."user_id" = ?[0m  [["user_id", 1]]
  ↳ app/views/files/index.html.erb:22
  Rendered files/index.html.erb within layouts/application (Duration: 1.0ms | Allocations: 1235)
  Rendered layout layouts/application.html.erb (Duration: 2.7ms | Allocations: 3208)
Completed 200 OK in 5ms (Views: 2.9ms | ActiveRecord: 0.1ms | Allocations: 4813)


[ActiveJob] [CompressFileJob] [b1bb76a0-f2e0-4ea8-8028-6aeef8905b08]   [1m[36mTRANSACTION (0.0ms)[0m  [1m[36mbegin transaction[0m
[ActiveJob] [CompressFileJob] [b1bb76a0-f2e0-4ea8-8028-6aeef8905b08]   ↳ app/jobs/compress_file_job.rb:46:in `compress_pdf'
[ActiveJob] [CompressFileJob] [b1bb76a0-f2e0-4ea8-8028-6aeef8905b08]   [1m[36mUser Load (0.1ms)[0m  [1m[34mSELECT "users".* FROM "users" WHERE "users"."id" = ? LIMIT ?[0m  [["id", 1], ["LIMIT", 1]]
[ActiveJob] [CompressFileJob] [b1bb76a0-f2e0-4ea8-8028-6aeef8905b08]   ↳ app/jobs/compress_file_job.rb:46:in `compress_pdf'
[ActiveJob] [CompressFileJob] [b1bb76a0-f2e0-4ea8-8028-6aeef8905b08]   [1m[36mActiveStorage::Blob Load (0.0ms)[0m  [1m[34mSELECT "active_storage_blobs".* FROM "active_storage_blobs" INNER JOIN "active_storage_attachments" ON "active_storage_blobs"."id" = "active_storage_attachments"."blob_id" WHERE "active_storage_attachments"."record_id" = ? AND "active_storage_attachments"."record_type" = ? AND "active_storage_attachments"."name" = ? LIMIT ?[0m  [["record_id", 3], ["record_type", "UploadedFile"], ["name", "file"], ["LIMIT", 1]]
[ActiveJob] [CompressFileJob] [b1bb76a0-f2e0-4ea8-8028-6aeef8905b08]   ↳ app/jobs/compress_file_job.rb:46:in `compress_pdf'
[ActiveJob] [CompressFileJob] [b1bb76a0-f2e0-4ea8-8028-6aeef8905b08]   [1m[36mActiveStorage::Attachment Destroy (0.3ms)[0m  [1m[31mDELETE FROM "active_storage_attachments" WHERE "active_storage_attachments"."id" = ?[0m  [["id", 5]]
[ActiveJob] [CompressFileJob] [b1bb76a0-f2e0-4ea8-8028-6aeef8905b08]   ↳ app/jobs/compress_file_job.rb:46:in `compress_pdf'
[ActiveJob] [CompressFileJob] [b1bb76a0-f2e0-4ea8-8028-6aeef8905b08]   [1m[36mActiveStorage::Blob Create (0.1ms)[0m  [1m[32mINSERT INTO "active_storage_blobs" ("key", "filename", "content_type", "metadata", "service_name", "byte_size", "checksum", "created_at") VALUES (?, ?, ?, ?, ?, ?, ?, ?)[0m  [["key", "v346u2k8yvxh7xyam0wttt6d7ilo"], ["filename", "Resume.pdf"], ["content_type", "application/pdf"], ["metadata", "{\"identified\":true}"], ["service_name", "local"], ["byte_size", 327462], ["checksum", "f5lLyET5qFOteJPXHrU4zA=="], ["created_at", "2025-01-13 09:36:25.338938"]]
[ActiveJob] [CompressFileJob] [b1bb76a0-f2e0-4ea8-8028-6aeef8905b08]   ↳ app/jobs/compress_file_job.rb:46:in `compress_pdf'
[ActiveJob] [CompressFileJob] [b1bb76a0-f2e0-4ea8-8028-6aeef8905b08]   [1m[36mActiveStorage::Attachment Create (0.0ms)[0m  [1m[32mINSERT INTO "active_storage_attachments" ("name", "record_type", "record_id", "blob_id", "created_at") VALUES (?, ?, ?, ?, ?)[0m  [["name", "file"], ["record_type", "UploadedFile"], ["record_id", 3], ["blob_id", 6], ["created_at", "2025-01-13 09:36:25.339752"]]
[ActiveJob] [CompressFileJob] [b1bb76a0-f2e0-4ea8-8028-6aeef8905b08]   ↳ app/jobs/compress_file_job.rb:46:in `compress_pdf'
[ActiveJob] [CompressFileJob] [b1bb76a0-f2e0-4ea8-8028-6aeef8905b08]   [1m[36mUploadedFile Update (0.0ms)[0m  [1m[33mUPDATE "uploaded_files" SET "updated_at" = ? WHERE "uploaded_files"."id" = ?[0m  [["updated_at", "2025-01-13 09:36:25.340201"], ["id", 3]]
[ActiveJob] [CompressFileJob] [b1bb76a0-f2e0-4ea8-8028-6aeef8905b08]   ↳ app/jobs/compress_file_job.rb:46:in `compress_pdf'
[ActiveJob] [CompressFileJob] [b1bb76a0-f2e0-4ea8-8028-6aeef8905b08]   [1m[36mTRANSACTION (0.4ms)[0m  [1m[36mcommit transaction[0m
[ActiveJob] [CompressFileJob] [b1bb76a0-f2e0-4ea8-8028-6aeef8905b08]   ↳ app/jobs/compress_file_job.rb:46:in `compress_pdf'
[ActiveJob] [CompressFileJob] [b1bb76a0-f2e0-4ea8-8028-6aeef8905b08] [36m  Disk Storage (1.6ms) [0m[32mUploaded file to key: v346u2k8yvxh7xyam0wttt6d7ilo (checksum: f5lLyET5qFOteJPXHrU4zA==)[0m
[ActiveJob] [CompressFileJob] [b1bb76a0-f2e0-4ea8-8028-6aeef8905b08] Enqueued ActiveStorage::PurgeJob (Job ID: 923f46ec-9206-450f-9a96-3f30833c2e67) to Async(default) with arguments: #<GlobalID:0x000000010880ab20 @uri=#<URI::GID gid://secure-file-sharing/ActiveStorage::Blob/5>>
[ActiveJob] [CompressFileJob] [b1bb76a0-f2e0-4ea8-8028-6aeef8905b08]   [1m[36mTRANSACTION (0.0ms)[0m  [1m[36mbegin transaction[0m
[ActiveJob] [CompressFileJob] [b1bb76a0-f2e0-4ea8-8028-6aeef8905b08]   ↳ app/jobs/compress_file_job.rb:46:in `compress_pdf'
[ActiveJob] [CompressFileJob] [b1bb76a0-f2e0-4ea8-8028-6aeef8905b08]   [1m[36mActiveStorage::Blob Update (0.3ms)[0m  [1m[33mUPDATE "active_storage_blobs" SET "metadata" = ? WHERE "active_storage_blobs"."id" = ?[0m  [["metadata", "{\"identified\":true,\"analyzed\":true}"], ["id", 6]]
[ActiveJob] [CompressFileJob] [b1bb76a0-f2e0-4ea8-8028-6aeef8905b08]   ↳ app/jobs/compress_file_job.rb:46:in `compress_pdf'
[ActiveJob] [CompressFileJob] [b1bb76a0-f2e0-4ea8-8028-6aeef8905b08]   [1m[36mTRANSACTION (0.4ms)[0m  [1m[36mcommit transaction[0m
[ActiveJob] [CompressFileJob] [b1bb76a0-f2e0-4ea8-8028-6aeef8905b08]   ↳ app/jobs/compress_file_job.rb:46:in `compress_pdf'
[ActiveJob] [CompressFileJob] [b1bb76a0-f2e0-4ea8-8028-6aeef8905b08] Performed CompressFileJob (Job ID: b1bb76a0-f2e0-4ea8-8028-6aeef8905b08) from Async(default) in 702.08ms
[ActiveJob] [ActiveStorage::PurgeJob] [923f46ec-9206-450f-9a96-3f30833c2e67]   [1m[36mActiveStorage::Blob Load (0.0ms)[0m  [1m[34mSELECT "active_storage_blobs".* FROM "active_storage_blobs" WHERE "active_storage_blobs"."id" = ? LIMIT ?[0m  [["id", 5], ["LIMIT", 1]]
[ActiveJob] [ActiveStorage::PurgeJob] [923f46ec-9206-450f-9a96-3f30833c2e67] Performing ActiveStorage::PurgeJob (Job ID: 923f46ec-9206-450f-9a96-3f30833c2e67) from Async(default) enqueued at 2025-01-13T09:36:25Z with arguments: #<GlobalID:0x0000000108882a30 @uri=#<URI::GID gid://secure-file-sharing/ActiveStorage::Blob/5>>
[ActiveJob] [ActiveStorage::PurgeJob] [923f46ec-9206-450f-9a96-3f30833c2e67]   [1m[36mTRANSACTION (0.0ms)[0m  [1m[36mbegin transaction[0m
[ActiveJob] [ActiveStorage::PurgeJob] [923f46ec-9206-450f-9a96-3f30833c2e67]   [1m[36mActiveStorage::Attachment Exists? (0.0ms)[0m  [1m[34mSELECT 1 AS one FROM "active_storage_attachments" WHERE "active_storage_attachments"."blob_id" = ? LIMIT ?[0m  [["blob_id", 5], ["LIMIT", 1]]
[ActiveJob] [ActiveStorage::PurgeJob] [923f46ec-9206-450f-9a96-3f30833c2e67]   [1m[36mActiveStorage::VariantRecord Load (0.0ms)[0m  [1m[34mSELECT "active_storage_variant_records".* FROM "active_storage_variant_records" WHERE "active_storage_variant_records"."blob_id" = ?[0m  [["blob_id", 5]]
[ActiveJob] [ActiveStorage::PurgeJob] [923f46ec-9206-450f-9a96-3f30833c2e67]   [1m[36mActiveStorage::Attachment Load (0.0ms)[0m  [1m[34mSELECT "active_storage_attachments".* FROM "active_storage_attachments" WHERE "active_storage_attachments"."record_id" = ? AND "active_storage_attachments"."record_type" = ? AND "active_storage_attachments"."name" = ? LIMIT ?[0m  [["record_id", 5], ["record_type", "ActiveStorage::Blob"], ["name", "preview_image"], ["LIMIT", 1]]
[ActiveJob] [ActiveStorage::PurgeJob] [923f46ec-9206-450f-9a96-3f30833c2e67]   [1m[36mActiveStorage::Blob Destroy (0.3ms)[0m  [1m[31mDELETE FROM "active_storage_blobs" WHERE "active_storage_blobs"."id" = ?[0m  [["id", 5]]
[ActiveJob] [ActiveStorage::PurgeJob] [923f46ec-9206-450f-9a96-3f30833c2e67]   [1m[36mTRANSACTION (0.4ms)[0m  [1m[36mcommit transaction[0m
[ActiveJob] [ActiveStorage::PurgeJob] [923f46ec-9206-450f-9a96-3f30833c2e67] [36m  Disk Storage (0.2ms) [0m[31mDeleted file from key: w0icy3rgjqf6k5wr8miaig200ih9[0m
[ActiveJob] [ActiveStorage::PurgeJob] [923f46ec-9206-450f-9a96-3f30833c2e67] Performed ActiveStorage::PurgeJob (Job ID: 923f46ec-9206-450f-9a96-3f30833c2e67) from Async(default) in 4.32ms
Started GET "/files" for ::1 at 2025-01-13 15:07:46 +0530
  [1m[36mActiveRecord::SchemaMigration Pluck (0.0ms)[0m  [1m[34mSELECT "schema_migrations"."version" FROM "schema_migrations" ORDER BY "schema_migrations"."version" ASC[0m
Processing by FilesController#index as HTML
  [1m[36mUser Load (0.0ms)[0m  [1m[34mSELECT "users".* FROM "users" WHERE "users"."id" = ? ORDER BY "users"."id" ASC LIMIT ?[0m  [["id", 1], ["LIMIT", 1]]
  Rendering layout layouts/application.html.erb
  Rendering files/index.html.erb within layouts/application
  [1m[36mUploadedFile Load (0.1ms)[0m  [1m[34mSELECT "uploaded_files".* FROM "uploaded_files" WHERE "uploaded_files"."user_id" = ?[0m  [["user_id", 1]]
  ↳ app/views/files/index.html.erb:22
  Rendered files/index.html.erb within layouts/application (Duration: 7.3ms | Allocations: 9056)
  Rendered layout layouts/application.html.erb (Duration: 59.8ms | Allocations: 47774)
Completed 200 OK in 87ms (Views: 61.8ms | ActiveRecord: 0.5ms | Allocations: 66506)


Started GET "/files/3" for ::1 at 2025-01-13 15:07:47 +0530
Processing by FilesController#show as HTML
  Parameters: {"id"=>"3"}
  [1m[36mUser Load (0.2ms)[0m  [1m[34mSELECT "users".* FROM "users" WHERE "users"."id" = ? ORDER BY "users"."id" ASC LIMIT ?[0m  [["id", 1], ["LIMIT", 1]]
  [1m[36mUploadedFile Load (0.2ms)[0m  [1m[34mSELECT "uploaded_files".* FROM "uploaded_files" WHERE "uploaded_files"."user_id" = ? AND "uploaded_files"."id" = ? LIMIT ?[0m  [["user_id", 1], ["id", 3], ["LIMIT", 1]]
  ↳ app/controllers/files_controller.rb:69:in `set_file'
  [1m[36mActiveStorage::Attachment Load (0.2ms)[0m  [1m[34mSELECT "active_storage_attachments".* FROM "active_storage_attachments" WHERE "active_storage_attachments"."record_id" = ? AND "active_storage_attachments"."record_type" = ? AND "active_storage_attachments"."name" = ? LIMIT ?[0m  [["record_id", 3], ["record_type", "UploadedFile"], ["name", "file"], ["LIMIT", 1]]
  ↳ app/controllers/files_controller.rb:11:in `show'
  [1m[36mActiveStorage::Blob Load (0.1ms)[0m  [1m[34mSELECT "active_storage_blobs".* FROM "active_storage_blobs" WHERE "active_storage_blobs"."id" = ? LIMIT ?[0m  [["id", 6], ["LIMIT", 1]]
  ↳ app/controllers/files_controller.rb:12:in `show'
[36m  Disk Storage (0.5ms) [0m[34mDownloaded file from key: v346u2k8yvxh7xyam0wttt6d7ilo[0m
  Rendering text template
  Rendered text template (Duration: 0.0ms | Allocations: 10)
Sent data Resume.pdf (1.2ms)
Completed 200 OK in 41ms (Views: 0.9ms | ActiveRecord: 1.6ms | Allocations: 22025)


Started POST "/files/3/generate_share_link" for ::1 at 2025-01-13 15:07:49 +0530
Processing by FilesController#generate_share_link as HTML
  Parameters: {"authenticity_token"=>"[FILTERED]", "id"=>"3"}
  [1m[36mUser Load (0.1ms)[0m  [1m[34mSELECT "users".* FROM "users" WHERE "users"."id" = ? ORDER BY "users"."id" ASC LIMIT ?[0m  [["id", 1], ["LIMIT", 1]]
  [1m[36mUploadedFile Load (0.1ms)[0m  [1m[34mSELECT "uploaded_files".* FROM "uploaded_files" WHERE "uploaded_files"."user_id" = ? AND "uploaded_files"."id" = ? LIMIT ?[0m  [["user_id", 1], ["id", 3], ["LIMIT", 1]]
  ↳ app/controllers/files_controller.rb:69:in `set_file'
  [1m[36mUploadedFile Exists? (0.1ms)[0m  [1m[34mSELECT 1 AS one FROM "uploaded_files" WHERE "uploaded_files"."share_token" = ? LIMIT ?[0m  [["share_token", "[FILTERED]"], ["LIMIT", 1]]
  ↳ app/models/uploaded_file.rb:18:in `block in generate_share_token'
  [1m[36mTRANSACTION (0.0ms)[0m  [1m[36mbegin transaction[0m
  ↳ app/models/uploaded_file.rb:19:in `block in generate_share_token'
  [1m[36mActiveStorage::Attachment Load (0.1ms)[0m  [1m[34mSELECT "active_storage_attachments".* FROM "active_storage_attachments" WHERE "active_storage_attachments"."record_id" = ? AND "active_storage_attachments"."record_type" = ? AND "active_storage_attachments"."name" = ? LIMIT ?[0m  [["record_id", 3], ["record_type", "UploadedFile"], ["name", "file"], ["LIMIT", 1]]
  ↳ app/models/uploaded_file.rb:19:in `block in generate_share_token'
  [1m[36mActiveStorage::Blob Load (0.0ms)[0m  [1m[34mSELECT "active_storage_blobs".* FROM "active_storage_blobs" WHERE "active_storage_blobs"."id" = ? LIMIT ?[0m  [["id", 6], ["LIMIT", 1]]
  ↳ app/models/uploaded_file.rb:19:in `block in generate_share_token'
  [1m[36mUploadedFile Update (0.8ms)[0m  [1m[33mUPDATE "uploaded_files" SET "share_token" = ?, "updated_at" = ? WHERE "uploaded_files"."id" = ?[0m  [["share_token", "[FILTERED]"], ["updated_at", "2025-01-13 09:37:49.082614"], ["id", 3]]
  ↳ app/models/uploaded_file.rb:19:in `block in generate_share_token'
  [1m[36mTRANSACTION (1.7ms)[0m  [1m[36mcommit transaction[0m
  ↳ app/models/uploaded_file.rb:19:in `block in generate_share_token'
Redirected to http://localhost:3000/files
Completed 302 Found in 15ms (ActiveRecord: 3.0ms | Allocations: 8983)


Started GET "/files" for ::1 at 2025-01-13 15:07:49 +0530
Processing by FilesController#index as HTML
  [1m[36mUser Load (0.1ms)[0m  [1m[34mSELECT "users".* FROM "users" WHERE "users"."id" = ? ORDER BY "users"."id" ASC LIMIT ?[0m  [["id", 1], ["LIMIT", 1]]
  Rendering layout layouts/application.html.erb
  Rendering files/index.html.erb within layouts/application
  [1m[36mUploadedFile Load (0.1ms)[0m  [1m[34mSELECT "uploaded_files".* FROM "uploaded_files" WHERE "uploaded_files"."user_id" = ?[0m  [["user_id", 1]]
  ↳ app/views/files/index.html.erb:22
  Rendered files/index.html.erb within layouts/application (Duration: 1.7ms | Allocations: 1459)
  Rendered layout layouts/application.html.erb (Duration: 4.0ms | Allocations: 3544)
Completed 200 OK in 7ms (Views: 4.2ms | ActiveRecord: 0.2ms | Allocations: 5213)


Started GET "/shared/mdVtt1" for ::1 at 2025-01-13 15:07:53 +0530
Processing by SharedFilesController#show as HTML
  Parameters: {"token"=>"[FILTERED]"}
  [1m[36mUploadedFile Load (0.5ms)[0m  [1m[34mSELECT "uploaded_files".* FROM "uploaded_files" WHERE "uploaded_files"."share_token" = ? LIMIT ?[0m  [["share_token", "[FILTERED]"], ["LIMIT", 1]]
  ↳ app/controllers/shared_files_controller.rb:3:in `show'
  [1m[36mActiveStorage::Attachment Load (0.1ms)[0m  [1m[34mSELECT "active_storage_attachments".* FROM "active_storage_attachments" WHERE "active_storage_attachments"."record_id" = ? AND "active_storage_attachments"."record_type" = ? AND "active_storage_attachments"."name" = ? LIMIT ?[0m  [["record_id", 3], ["record_type", "UploadedFile"], ["name", "file"], ["LIMIT", 1]]
  ↳ app/controllers/shared_files_controller.rb:4:in `show'
  [1m[36mActiveStorage::Blob Load (0.1ms)[0m  [1m[34mSELECT "active_storage_blobs".* FROM "active_storage_blobs" WHERE "active_storage_blobs"."id" = ? LIMIT ?[0m  [["id", 6], ["LIMIT", 1]]
  ↳ app/controllers/shared_files_controller.rb:4:in `show'
[36m  Disk Storage (0.3ms) [0m[34mDownloaded file from key: v346u2k8yvxh7xyam0wttt6d7ilo[0m
  Rendering text template
  Rendered text template (Duration: 0.0ms | Allocations: 8)
Sent data Sample1 (1.4ms)
Completed 200 OK in 9ms (Views: 1.2ms | ActiveRecord: 0.7ms | Allocations: 3126)


Started GET "/shared/mdVtt1" for ::1 at 2025-01-13 15:07:53 +0530
Processing by SharedFilesController#show as HTML
  Parameters: {"token"=>"[FILTERED]"}
  [1m[36mUploadedFile Load (0.2ms)[0m  [1m[34mSELECT "uploaded_files".* FROM "uploaded_files" WHERE "uploaded_files"."share_token" = ? LIMIT ?[0m  [["share_token", "[FILTERED]"], ["LIMIT", 1]]
  ↳ app/controllers/shared_files_controller.rb:3:in `show'
  [1m[36mActiveStorage::Attachment Load (0.2ms)[0m  [1m[34mSELECT "active_storage_attachments".* FROM "active_storage_attachments" WHERE "active_storage_attachments"."record_id" = ? AND "active_storage_attachments"."record_type" = ? AND "active_storage_attachments"."name" = ? LIMIT ?[0m  [["record_id", 3], ["record_type", "UploadedFile"], ["name", "file"], ["LIMIT", 1]]
  ↳ app/controllers/shared_files_controller.rb:4:in `show'
  [1m[36mActiveStorage::Blob Load (0.2ms)[0m  [1m[34mSELECT "active_storage_blobs".* FROM "active_storage_blobs" WHERE "active_storage_blobs"."id" = ? LIMIT ?[0m  [["id", 6], ["LIMIT", 1]]
  ↳ app/controllers/shared_files_controller.rb:4:in `show'
[36m  Disk Storage (0.3ms) [0m[34mDownloaded file from key: v346u2k8yvxh7xyam0wttt6d7ilo[0m
  Rendering text template
  Rendered text template (Duration: 0.0ms | Allocations: 5)
Sent data Sample1 (0.5ms)
Completed 200 OK in 9ms (Views: 0.3ms | ActiveRecord: 0.6ms | Allocations: 2550)


Started GET "/shared/mdVtt1" for ::1 at 2025-01-13 15:08:28 +0530
Processing by SharedFilesController#show as HTML
  Parameters: {"token"=>"[FILTERED]"}
  [1m[36mUploadedFile Load (0.2ms)[0m  [1m[34mSELECT "uploaded_files".* FROM "uploaded_files" WHERE "uploaded_files"."share_token" = ? LIMIT ?[0m  [["share_token", "[FILTERED]"], ["LIMIT", 1]]
  ↳ app/controllers/shared_files_controller.rb:3:in `show'
  [1m[36mActiveStorage::Attachment Load (0.1ms)[0m  [1m[34mSELECT "active_storage_attachments".* FROM "active_storage_attachments" WHERE "active_storage_attachments"."record_id" = ? AND "active_storage_attachments"."record_type" = ? AND "active_storage_attachments"."name" = ? LIMIT ?[0m  [["record_id", 3], ["record_type", "UploadedFile"], ["name", "file"], ["LIMIT", 1]]
  ↳ app/controllers/shared_files_controller.rb:4:in `show'
  [1m[36mActiveStorage::Blob Load (0.0ms)[0m  [1m[34mSELECT "active_storage_blobs".* FROM "active_storage_blobs" WHERE "active_storage_blobs"."id" = ? LIMIT ?[0m  [["id", 6], ["LIMIT", 1]]
  ↳ app/controllers/shared_files_controller.rb:4:in `show'
[36m  Disk Storage (0.6ms) [0m[34mDownloaded file from key: v346u2k8yvxh7xyam0wttt6d7ilo[0m
  Rendering text template
  Rendered text template (Duration: 0.0ms | Allocations: 4)
Sent data Sample1 (0.5ms)
Completed 200 OK in 6ms (Views: 0.3ms | ActiveRecord: 0.3ms | Allocations: 2324)


Started DELETE "/files/3/revoke_share_link" for ::1 at 2025-01-13 15:08:28 +0530
Processing by FilesController#revoke_share_link as TURBO_STREAM
  Parameters: {"authenticity_token"=>"[FILTERED]", "id"=>"3"}
  [1m[36mUser Load (0.3ms)[0m  [1m[34mSELECT "users".* FROM "users" WHERE "users"."id" = ? ORDER BY "users"."id" ASC LIMIT ?[0m  [["id", 1], ["LIMIT", 1]]
  [1m[36mUploadedFile Load (0.1ms)[0m  [1m[34mSELECT "uploaded_files".* FROM "uploaded_files" WHERE "uploaded_files"."user_id" = ? AND "uploaded_files"."id" = ? LIMIT ?[0m  [["user_id", 1], ["id", 3], ["LIMIT", 1]]
  ↳ app/controllers/files_controller.rb:69:in `set_file'
  [1m[36mTRANSACTION (0.1ms)[0m  [1m[36mbegin transaction[0m
  ↳ app/models/uploaded_file.rb:32:in `revoke_share_token'
  [1m[36mActiveStorage::Attachment Load (0.4ms)[0m  [1m[34mSELECT "active_storage_attachments".* FROM "active_storage_attachments" WHERE "active_storage_attachments"."record_id" = ? AND "active_storage_attachments"."record_type" = ? AND "active_storage_attachments"."name" = ? LIMIT ?[0m  [["record_id", 3], ["record_type", "UploadedFile"], ["name", "file"], ["LIMIT", 1]]
  ↳ app/models/uploaded_file.rb:32:in `revoke_share_token'
  [1m[36mActiveStorage::Blob Load (0.0ms)[0m  [1m[34mSELECT "active_storage_blobs".* FROM "active_storage_blobs" WHERE "active_storage_blobs"."id" = ? LIMIT ?[0m  [["id", 6], ["LIMIT", 1]]
  ↳ app/models/uploaded_file.rb:32:in `revoke_share_token'
  [1m[36mUploadedFile Update (0.6ms)[0m  [1m[33mUPDATE "uploaded_files" SET "share_token" = ?, "updated_at" = ? WHERE "uploaded_files"."id" = ?[0m  [["share_token", "[FILTERED]"], ["updated_at", "2025-01-13 09:38:28.456372"], ["id", 3]]
  ↳ app/models/uploaded_file.rb:32:in `revoke_share_token'
  [1m[36mTRANSACTION (2.0ms)[0m  [1m[36mcommit transaction[0m
  ↳ app/models/uploaded_file.rb:32:in `revoke_share_token'
Redirected to http://localhost:3000/files
Completed 302 Found in 35ms (ActiveRecord: 3.5ms | Allocations: 6531)


Started GET "/files" for ::1 at 2025-01-13 15:08:28 +0530
Processing by FilesController#index as TURBO_STREAM
  [1m[36mUser Load (0.1ms)[0m  [1m[34mSELECT "users".* FROM "users" WHERE "users"."id" = ? ORDER BY "users"."id" ASC LIMIT ?[0m  [["id", 1], ["LIMIT", 1]]
  Rendering layout layouts/application.html.erb
  Rendering files/index.html.erb within layouts/application
  [1m[36mUploadedFile Load (0.0ms)[0m  [1m[34mSELECT "uploaded_files".* FROM "uploaded_files" WHERE "uploaded_files"."user_id" = ?[0m  [["user_id", 1]]
  ↳ app/views/files/index.html.erb:22
  Rendered files/index.html.erb within layouts/application (Duration: 1.2ms | Allocations: 1292)
  Rendered layout layouts/application.html.erb (Duration: 3.5ms | Allocations: 3380)
Completed 200 OK in 6ms (Views: 3.7ms | ActiveRecord: 0.1ms | Allocations: 5066)


Started GET "/files/3" for ::1 at 2025-01-13 15:08:29 +0530
Processing by FilesController#show as HTML
  Parameters: {"id"=>"3"}
  [1m[36mUser Load (0.2ms)[0m  [1m[34mSELECT "users".* FROM "users" WHERE "users"."id" = ? ORDER BY "users"."id" ASC LIMIT ?[0m  [["id", 1], ["LIMIT", 1]]
  [1m[36mUploadedFile Load (0.1ms)[0m  [1m[34mSELECT "uploaded_files".* FROM "uploaded_files" WHERE "uploaded_files"."user_id" = ? AND "uploaded_files"."id" = ? LIMIT ?[0m  [["user_id", 1], ["id", 3], ["LIMIT", 1]]
  ↳ app/controllers/files_controller.rb:69:in `set_file'
  [1m[36mActiveStorage::Attachment Load (0.1ms)[0m  [1m[34mSELECT "active_storage_attachments".* FROM "active_storage_attachments" WHERE "active_storage_attachments"."record_id" = ? AND "active_storage_attachments"."record_type" = ? AND "active_storage_attachments"."name" = ? LIMIT ?[0m  [["record_id", 3], ["record_type", "UploadedFile"], ["name", "file"], ["LIMIT", 1]]
  ↳ app/controllers/files_controller.rb:11:in `show'
  [1m[36mActiveStorage::Blob Load (0.1ms)[0m  [1m[34mSELECT "active_storage_blobs".* FROM "active_storage_blobs" WHERE "active_storage_blobs"."id" = ? LIMIT ?[0m  [["id", 6], ["LIMIT", 1]]
  ↳ app/controllers/files_controller.rb:12:in `show'
[36m  Disk Storage (0.3ms) [0m[34mDownloaded file from key: v346u2k8yvxh7xyam0wttt6d7ilo[0m
  Rendering text template
  Rendered text template (Duration: 0.0ms | Allocations: 4)
Sent data Resume.pdf (0.5ms)
Completed 200 OK in 10ms (Views: 0.3ms | ActiveRecord: 0.4ms | Allocations: 3917)


Started POST "/files/3/generate_share_link" for ::1 at 2025-01-13 15:08:30 +0530
Processing by FilesController#generate_share_link as HTML
  Parameters: {"authenticity_token"=>"[FILTERED]", "id"=>"3"}
  [1m[36mUser Load (0.2ms)[0m  [1m[34mSELECT "users".* FROM "users" WHERE "users"."id" = ? ORDER BY "users"."id" ASC LIMIT ?[0m  [["id", 1], ["LIMIT", 1]]
  [1m[36mUploadedFile Load (0.1ms)[0m  [1m[34mSELECT "uploaded_files".* FROM "uploaded_files" WHERE "uploaded_files"."user_id" = ? AND "uploaded_files"."id" = ? LIMIT ?[0m  [["user_id", 1], ["id", 3], ["LIMIT", 1]]
  ↳ app/controllers/files_controller.rb:69:in `set_file'
  [1m[36mUploadedFile Exists? (0.2ms)[0m  [1m[34mSELECT 1 AS one FROM "uploaded_files" WHERE "uploaded_files"."share_token" = ? LIMIT ?[0m  [["share_token", "[FILTERED]"], ["LIMIT", 1]]
  ↳ app/models/uploaded_file.rb:18:in `block in generate_share_token'
  [1m[36mTRANSACTION (0.0ms)[0m  [1m[36mbegin transaction[0m
  ↳ app/models/uploaded_file.rb:19:in `block in generate_share_token'
  [1m[36mActiveStorage::Attachment Load (0.2ms)[0m  [1m[34mSELECT "active_storage_attachments".* FROM "active_storage_attachments" WHERE "active_storage_attachments"."record_id" = ? AND "active_storage_attachments"."record_type" = ? AND "active_storage_attachments"."name" = ? LIMIT ?[0m  [["record_id", 3], ["record_type", "UploadedFile"], ["name", "file"], ["LIMIT", 1]]
  ↳ app/models/uploaded_file.rb:19:in `block in generate_share_token'
  [1m[36mActiveStorage::Blob Load (0.1ms)[0m  [1m[34mSELECT "active_storage_blobs".* FROM "active_storage_blobs" WHERE "active_storage_blobs"."id" = ? LIMIT ?[0m  [["id", 6], ["LIMIT", 1]]
  ↳ app/models/uploaded_file.rb:19:in `block in generate_share_token'
  [1m[36mUploadedFile Update (0.8ms)[0m  [1m[33mUPDATE "uploaded_files" SET "share_token" = ?, "updated_at" = ? WHERE "uploaded_files"."id" = ?[0m  [["share_token", "[FILTERED]"], ["updated_at", "2025-01-13 09:38:31.007294"], ["id", 3]]
  ↳ app/models/uploaded_file.rb:19:in `block in generate_share_token'
  [1m[36mTRANSACTION (1.0ms)[0m  [1m[36mcommit transaction[0m
  ↳ app/models/uploaded_file.rb:19:in `block in generate_share_token'
Redirected to http://localhost:3000/files
Completed 302 Found in 19ms (ActiveRecord: 2.7ms | Allocations: 6955)


Started GET "/files" for ::1 at 2025-01-13 15:08:31 +0530
Processing by FilesController#index as HTML
  [1m[36mUser Load (0.1ms)[0m  [1m[34mSELECT "users".* FROM "users" WHERE "users"."id" = ? ORDER BY "users"."id" ASC LIMIT ?[0m  [["id", 1], ["LIMIT", 1]]
  Rendering layout layouts/application.html.erb
  Rendering files/index.html.erb within layouts/application
  [1m[36mUploadedFile Load (0.1ms)[0m  [1m[34mSELECT "uploaded_files".* FROM "uploaded_files" WHERE "uploaded_files"."user_id" = ?[0m  [["user_id", 1]]
  ↳ app/views/files/index.html.erb:22
  Rendered files/index.html.erb within layouts/application (Duration: 1.8ms | Allocations: 1393)
  Rendered layout layouts/application.html.erb (Duration: 4.2ms | Allocations: 3359)
Completed 200 OK in 7ms (Views: 4.4ms | ActiveRecord: 0.2ms | Allocations: 4967)


Started GET "/shared/MOIxgO" for ::1 at 2025-01-13 15:09:28 +0530
Processing by SharedFilesController#show as HTML
  Parameters: {"token"=>"[FILTERED]"}
  [1m[36mUploadedFile Load (1.4ms)[0m  [1m[34mSELECT "uploaded_files".* FROM "uploaded_files" WHERE "uploaded_files"."share_token" = ? LIMIT ?[0m  [["share_token", "[FILTERED]"], ["LIMIT", 1]]
  ↳ app/controllers/shared_files_controller.rb:3:in `show'
  [1m[36mActiveStorage::Attachment Load (0.2ms)[0m  [1m[34mSELECT "active_storage_attachments".* FROM "active_storage_attachments" WHERE "active_storage_attachments"."record_id" = ? AND "active_storage_attachments"."record_type" = ? AND "active_storage_attachments"."name" = ? LIMIT ?[0m  [["record_id", 3], ["record_type", "UploadedFile"], ["name", "file"], ["LIMIT", 1]]
  ↳ app/controllers/shared_files_controller.rb:4:in `show'
  [1m[36mActiveStorage::Blob Load (0.1ms)[0m  [1m[34mSELECT "active_storage_blobs".* FROM "active_storage_blobs" WHERE "active_storage_blobs"."id" = ? LIMIT ?[0m  [["id", 6], ["LIMIT", 1]]
  ↳ app/controllers/shared_files_controller.rb:4:in `show'
[36m  Disk Storage (0.7ms) [0m[34mDownloaded file from key: v346u2k8yvxh7xyam0wttt6d7ilo[0m
  Rendering text template
  Rendered text template (Duration: 1.8ms | Allocations: 4)
Sent data Sample1 (4.3ms)
Completed 200 OK in 20ms (Views: 3.1ms | ActiveRecord: 1.6ms | Allocations: 2323)


Started DELETE "/files/3/revoke_share_link" for ::1 at 2025-01-13 15:09:28 +0530
Processing by FilesController#revoke_share_link as TURBO_STREAM
  Parameters: {"authenticity_token"=>"[FILTERED]", "id"=>"3"}
  [1m[36mUser Load (0.1ms)[0m  [1m[34mSELECT "users".* FROM "users" WHERE "users"."id" = ? ORDER BY "users"."id" ASC LIMIT ?[0m  [["id", 1], ["LIMIT", 1]]
  [1m[36mUploadedFile Load (0.1ms)[0m  [1m[34mSELECT "uploaded_files".* FROM "uploaded_files" WHERE "uploaded_files"."user_id" = ? AND "uploaded_files"."id" = ? LIMIT ?[0m  [["user_id", 1], ["id", 3], ["LIMIT", 1]]
  ↳ app/controllers/files_controller.rb:69:in `set_file'
  [1m[36mTRANSACTION (0.8ms)[0m  [1m[36mbegin transaction[0m
  ↳ app/models/uploaded_file.rb:32:in `revoke_share_token'
  [1m[36mActiveStorage::Attachment Load (0.1ms)[0m  [1m[34mSELECT "active_storage_attachments".* FROM "active_storage_attachments" WHERE "active_storage_attachments"."record_id" = ? AND "active_storage_attachments"."record_type" = ? AND "active_storage_attachments"."name" = ? LIMIT ?[0m  [["record_id", 3], ["record_type", "UploadedFile"], ["name", "file"], ["LIMIT", 1]]
  ↳ app/models/uploaded_file.rb:32:in `revoke_share_token'
  [1m[36mActiveStorage::Blob Load (0.0ms)[0m  [1m[34mSELECT "active_storage_blobs".* FROM "active_storage_blobs" WHERE "active_storage_blobs"."id" = ? LIMIT ?[0m  [["id", 6], ["LIMIT", 1]]
  ↳ app/models/uploaded_file.rb:32:in `revoke_share_token'
  [1m[36mUploadedFile Update (0.9ms)[0m  [1m[33mUPDATE "uploaded_files" SET "share_token" = ?, "updated_at" = ? WHERE "uploaded_files"."id" = ?[0m  [["share_token", "[FILTERED]"], ["updated_at", "2025-01-13 09:39:28.628674"], ["id", 3]]
  ↳ app/models/uploaded_file.rb:32:in `revoke_share_token'
  [1m[36mTRANSACTION (0.7ms)[0m  [1m[36mcommit transaction[0m
  ↳ app/models/uploaded_file.rb:32:in `revoke_share_token'
Redirected to http://localhost:3000/files
Completed 302 Found in 23ms (ActiveRecord: 2.7ms | Allocations: 6343)


Started GET "/files" for ::1 at 2025-01-13 15:09:28 +0530
Processing by FilesController#index as TURBO_STREAM
  [1m[36mUser Load (0.1ms)[0m  [1m[34mSELECT "users".* FROM "users" WHERE "users"."id" = ? ORDER BY "users"."id" ASC LIMIT ?[0m  [["id", 1], ["LIMIT", 1]]
  Rendering layout layouts/application.html.erb
  Rendering files/index.html.erb within layouts/application
  [1m[36mUploadedFile Load (0.0ms)[0m  [1m[34mSELECT "uploaded_files".* FROM "uploaded_files" WHERE "uploaded_files"."user_id" = ?[0m  [["user_id", 1]]
  ↳ app/views/files/index.html.erb:22
  Rendered files/index.html.erb within layouts/application (Duration: 1.5ms | Allocations: 1246)
  Rendered layout layouts/application.html.erb (Duration: 4.8ms | Allocations: 3219)
Completed 200 OK in 8ms (Views: 5.9ms | ActiveRecord: 0.1ms | Allocations: 4858)


Started POST "/files/3/generate_share_link" for ::1 at 2025-01-13 15:09:29 +0530
Processing by FilesController#generate_share_link as HTML
  Parameters: {"authenticity_token"=>"[FILTERED]", "id"=>"3"}
  [1m[36mUser Load (0.2ms)[0m  [1m[34mSELECT "users".* FROM "users" WHERE "users"."id" = ? ORDER BY "users"."id" ASC LIMIT ?[0m  [["id", 1], ["LIMIT", 1]]
  [1m[36mUploadedFile Load (0.1ms)[0m  [1m[34mSELECT "uploaded_files".* FROM "uploaded_files" WHERE "uploaded_files"."user_id" = ? AND "uploaded_files"."id" = ? LIMIT ?[0m  [["user_id", 1], ["id", 3], ["LIMIT", 1]]
  ↳ app/controllers/files_controller.rb:69:in `set_file'
  [1m[36mUploadedFile Exists? (0.1ms)[0m  [1m[34mSELECT 1 AS one FROM "uploaded_files" WHERE "uploaded_files"."share_token" = ? LIMIT ?[0m  [["share_token", "[FILTERED]"], ["LIMIT", 1]]
  ↳ app/models/uploaded_file.rb:18:in `block in generate_share_token'
  [1m[36mTRANSACTION (0.0ms)[0m  [1m[36mbegin transaction[0m
  ↳ app/models/uploaded_file.rb:19:in `block in generate_share_token'
  [1m[36mActiveStorage::Attachment Load (0.1ms)[0m  [1m[34mSELECT "active_storage_attachments".* FROM "active_storage_attachments" WHERE "active_storage_attachments"."record_id" = ? AND "active_storage_attachments"."record_type" = ? AND "active_storage_attachments"."name" = ? LIMIT ?[0m  [["record_id", 3], ["record_type", "UploadedFile"], ["name", "file"], ["LIMIT", 1]]
  ↳ app/models/uploaded_file.rb:19:in `block in generate_share_token'
  [1m[36mActiveStorage::Blob Load (0.0ms)[0m  [1m[34mSELECT "active_storage_blobs".* FROM "active_storage_blobs" WHERE "active_storage_blobs"."id" = ? LIMIT ?[0m  [["id", 6], ["LIMIT", 1]]
  ↳ app/models/uploaded_file.rb:19:in `block in generate_share_token'
  [1m[36mUploadedFile Update (0.8ms)[0m  [1m[33mUPDATE "uploaded_files" SET "share_token" = ?, "updated_at" = ? WHERE "uploaded_files"."id" = ?[0m  [["share_token", "[FILTERED]"], ["updated_at", "2025-01-13 09:39:29.530097"], ["id", 3]]
  ↳ app/models/uploaded_file.rb:19:in `block in generate_share_token'
  [1m[36mTRANSACTION (1.1ms)[0m  [1m[36mcommit transaction[0m
  ↳ app/models/uploaded_file.rb:19:in `block in generate_share_token'
Redirected to http://localhost:3000/files
Completed 302 Found in 16ms (ActiveRecord: 2.5ms | Allocations: 6934)


Started GET "/files" for ::1 at 2025-01-13 15:09:29 +0530
Processing by FilesController#index as HTML
  [1m[36mUser Load (0.2ms)[0m  [1m[34mSELECT "users".* FROM "users" WHERE "users"."id" = ? ORDER BY "users"."id" ASC LIMIT ?[0m  [["id", 1], ["LIMIT", 1]]
  Rendering layout layouts/application.html.erb
  Rendering files/index.html.erb within layouts/application
  [1m[36mUploadedFile Load (0.1ms)[0m  [1m[34mSELECT "uploaded_files".* FROM "uploaded_files" WHERE "uploaded_files"."user_id" = ?[0m  [["user_id", 1]]
  ↳ app/views/files/index.html.erb:22
  Rendered files/index.html.erb within layouts/application (Duration: 1.8ms | Allocations: 1389)
  Rendered layout layouts/application.html.erb (Duration: 4.2ms | Allocations: 3355)
Completed 200 OK in 8ms (Views: 4.5ms | ActiveRecord: 0.2ms | Allocations: 4963)


Started GET "/shared/cmi1an" for ::1 at 2025-01-13 15:09:30 +0530
Processing by SharedFilesController#show as HTML
  Parameters: {"token"=>"[FILTERED]"}
  [1m[36mUploadedFile Load (0.2ms)[0m  [1m[34mSELECT "uploaded_files".* FROM "uploaded_files" WHERE "uploaded_files"."share_token" = ? LIMIT ?[0m  [["share_token", "[FILTERED]"], ["LIMIT", 1]]
  ↳ app/controllers/shared_files_controller.rb:3:in `show'
  [1m[36mActiveStorage::Attachment Load (0.2ms)[0m  [1m[34mSELECT "active_storage_attachments".* FROM "active_storage_attachments" WHERE "active_storage_attachments"."record_id" = ? AND "active_storage_attachments"."record_type" = ? AND "active_storage_attachments"."name" = ? LIMIT ?[0m  [["record_id", 3], ["record_type", "UploadedFile"], ["name", "file"], ["LIMIT", 1]]
  ↳ app/controllers/shared_files_controller.rb:4:in `show'
  [1m[36mActiveStorage::Blob Load (0.1ms)[0m  [1m[34mSELECT "active_storage_blobs".* FROM "active_storage_blobs" WHERE "active_storage_blobs"."id" = ? LIMIT ?[0m  [["id", 6], ["LIMIT", 1]]
  ↳ app/controllers/shared_files_controller.rb:4:in `show'
[36m  Disk Storage (0.3ms) [0m[34mDownloaded file from key: v346u2k8yvxh7xyam0wttt6d7ilo[0m
  Rendering text template
  Rendered text template (Duration: 0.0ms | Allocations: 4)
Sent data Sample1 (0.5ms)
Completed 200 OK in 7ms (Views: 0.3ms | ActiveRecord: 0.5ms | Allocations: 2323)


Started DELETE "/files/3/revoke_share_link" for ::1 at 2025-01-13 15:09:32 +0530
Processing by FilesController#revoke_share_link as TURBO_STREAM
  Parameters: {"authenticity_token"=>"[FILTERED]", "id"=>"3"}
  [1m[36mUser Load (0.2ms)[0m  [1m[34mSELECT "users".* FROM "users" WHERE "users"."id" = ? ORDER BY "users"."id" ASC LIMIT ?[0m  [["id", 1], ["LIMIT", 1]]
  [1m[36mUploadedFile Load (0.2ms)[0m  [1m[34mSELECT "uploaded_files".* FROM "uploaded_files" WHERE "uploaded_files"."user_id" = ? AND "uploaded_files"."id" = ? LIMIT ?[0m  [["user_id", 1], ["id", 3], ["LIMIT", 1]]
  ↳ app/controllers/files_controller.rb:69:in `set_file'
  [1m[36mTRANSACTION (0.1ms)[0m  [1m[36mbegin transaction[0m
  ↳ app/models/uploaded_file.rb:32:in `revoke_share_token'
  [1m[36mActiveStorage::Attachment Load (0.2ms)[0m  [1m[34mSELECT "active_storage_attachments".* FROM "active_storage_attachments" WHERE "active_storage_attachments"."record_id" = ? AND "active_storage_attachments"."record_type" = ? AND "active_storage_attachments"."name" = ? LIMIT ?[0m  [["record_id", 3], ["record_type", "UploadedFile"], ["name", "file"], ["LIMIT", 1]]
  ↳ app/models/uploaded_file.rb:32:in `revoke_share_token'
  [1m[36mActiveStorage::Blob Load (0.0ms)[0m  [1m[34mSELECT "active_storage_blobs".* FROM "active_storage_blobs" WHERE "active_storage_blobs"."id" = ? LIMIT ?[0m  [["id", 6], ["LIMIT", 1]]
  ↳ app/models/uploaded_file.rb:32:in `revoke_share_token'
  [1m[36mUploadedFile Update (0.9ms)[0m  [1m[33mUPDATE "uploaded_files" SET "share_token" = ?, "updated_at" = ? WHERE "uploaded_files"."id" = ?[0m  [["share_token", "[FILTERED]"], ["updated_at", "2025-01-13 09:39:32.039763"], ["id", 3]]
  ↳ app/models/uploaded_file.rb:32:in `revoke_share_token'
  [1m[36mTRANSACTION (1.7ms)[0m  [1m[36mcommit transaction[0m
  ↳ app/models/uploaded_file.rb:32:in `revoke_share_token'
Redirected to http://localhost:3000/files
Completed 302 Found in 18ms (ActiveRecord: 3.3ms | Allocations: 6320)


Started GET "/files" for ::1 at 2025-01-13 15:09:32 +0530
Processing by FilesController#index as TURBO_STREAM
  [1m[36mUser Load (0.1ms)[0m  [1m[34mSELECT "users".* FROM "users" WHERE "users"."id" = ? ORDER BY "users"."id" ASC LIMIT ?[0m  [["id", 1], ["LIMIT", 1]]
  Rendering layout layouts/application.html.erb
  Rendering files/index.html.erb within layouts/application
  [1m[36mUploadedFile Load (0.0ms)[0m  [1m[34mSELECT "uploaded_files".* FROM "uploaded_files" WHERE "uploaded_files"."user_id" = ?[0m  [["user_id", 1]]
  ↳ app/views/files/index.html.erb:22
  Rendered files/index.html.erb within layouts/application (Duration: 1.6ms | Allocations: 1246)
  Rendered layout layouts/application.html.erb (Duration: 4.2ms | Allocations: 3212)
Completed 200 OK in 7ms (Views: 4.4ms | ActiveRecord: 0.1ms | Allocations: 4852)


Started POST "/files/3/generate_share_link" for ::1 at 2025-01-13 15:09:32 +0530
Processing by FilesController#generate_share_link as HTML
  Parameters: {"authenticity_token"=>"[FILTERED]", "id"=>"3"}
  [1m[36mUser Load (0.2ms)[0m  [1m[34mSELECT "users".* FROM "users" WHERE "users"."id" = ? ORDER BY "users"."id" ASC LIMIT ?[0m  [["id", 1], ["LIMIT", 1]]
  [1m[36mUploadedFile Load (0.1ms)[0m  [1m[34mSELECT "uploaded_files".* FROM "uploaded_files" WHERE "uploaded_files"."user_id" = ? AND "uploaded_files"."id" = ? LIMIT ?[0m  [["user_id", 1], ["id", 3], ["LIMIT", 1]]
  ↳ app/controllers/files_controller.rb:69:in `set_file'
  [1m[36mUploadedFile Exists? (0.1ms)[0m  [1m[34mSELECT 1 AS one FROM "uploaded_files" WHERE "uploaded_files"."share_token" = ? LIMIT ?[0m  [["share_token", "[FILTERED]"], ["LIMIT", 1]]
  ↳ app/models/uploaded_file.rb:18:in `block in generate_share_token'
  [1m[36mTRANSACTION (0.1ms)[0m  [1m[36mbegin transaction[0m
  ↳ app/models/uploaded_file.rb:19:in `block in generate_share_token'
  [1m[36mActiveStorage::Attachment Load (0.1ms)[0m  [1m[34mSELECT "active_storage_attachments".* FROM "active_storage_attachments" WHERE "active_storage_attachments"."record_id" = ? AND "active_storage_attachments"."record_type" = ? AND "active_storage_attachments"."name" = ? LIMIT ?[0m  [["record_id", 3], ["record_type", "UploadedFile"], ["name", "file"], ["LIMIT", 1]]
  ↳ app/models/uploaded_file.rb:19:in `block in generate_share_token'
  [1m[36mActiveStorage::Blob Load (0.0ms)[0m  [1m[34mSELECT "active_storage_blobs".* FROM "active_storage_blobs" WHERE "active_storage_blobs"."id" = ? LIMIT ?[0m  [["id", 6], ["LIMIT", 1]]
  ↳ app/models/uploaded_file.rb:19:in `block in generate_share_token'
  [1m[36mUploadedFile Update (0.8ms)[0m  [1m[33mUPDATE "uploaded_files" SET "share_token" = ?, "updated_at" = ? WHERE "uploaded_files"."id" = ?[0m  [["share_token", "[FILTERED]"], ["updated_at", "2025-01-13 09:39:32.676073"], ["id", 3]]
  ↳ app/models/uploaded_file.rb:19:in `block in generate_share_token'
  [1m[36mTRANSACTION (1.4ms)[0m  [1m[36mcommit transaction[0m
  ↳ app/models/uploaded_file.rb:19:in `block in generate_share_token'
Redirected to http://localhost:3000/files
Completed 302 Found in 19ms (ActiveRecord: 2.9ms | Allocations: 6923)


Started GET "/files" for ::1 at 2025-01-13 15:09:32 +0530
Processing by FilesController#index as HTML
  [1m[36mUser Load (0.1ms)[0m  [1m[34mSELECT "users".* FROM "users" WHERE "users"."id" = ? ORDER BY "users"."id" ASC LIMIT ?[0m  [["id", 1], ["LIMIT", 1]]
  Rendering layout layouts/application.html.erb
  Rendering files/index.html.erb within layouts/application
  [1m[36mUploadedFile Load (0.1ms)[0m  [1m[34mSELECT "uploaded_files".* FROM "uploaded_files" WHERE "uploaded_files"."user_id" = ?[0m  [["user_id", 1]]
  ↳ app/views/files/index.html.erb:22
  Rendered files/index.html.erb within layouts/application (Duration: 1.9ms | Allocations: 1389)
  Rendered layout layouts/application.html.erb (Duration: 4.8ms | Allocations: 3355)
Completed 200 OK in 8ms (Views: 5.2ms | ActiveRecord: 0.2ms | Allocations: 4945)


Started GET "/shared/vteLz7" for ::1 at 2025-01-13 15:09:33 +0530
Processing by SharedFilesController#show as HTML
  Parameters: {"token"=>"[FILTERED]"}
  [1m[36mUploadedFile Load (0.1ms)[0m  [1m[34mSELECT "uploaded_files".* FROM "uploaded_files" WHERE "uploaded_files"."share_token" = ? LIMIT ?[0m  [["share_token", "[FILTERED]"], ["LIMIT", 1]]
  ↳ app/controllers/shared_files_controller.rb:3:in `show'
  [1m[36mActiveStorage::Attachment Load (0.2ms)[0m  [1m[34mSELECT "active_storage_attachments".* FROM "active_storage_attachments" WHERE "active_storage_attachments"."record_id" = ? AND "active_storage_attachments"."record_type" = ? AND "active_storage_attachments"."name" = ? LIMIT ?[0m  [["record_id", 3], ["record_type", "UploadedFile"], ["name", "file"], ["LIMIT", 1]]
  ↳ app/controllers/shared_files_controller.rb:4:in `show'
  [1m[36mActiveStorage::Blob Load (0.1ms)[0m  [1m[34mSELECT "active_storage_blobs".* FROM "active_storage_blobs" WHERE "active_storage_blobs"."id" = ? LIMIT ?[0m  [["id", 6], ["LIMIT", 1]]
  ↳ app/controllers/shared_files_controller.rb:4:in `show'
[36m  Disk Storage (0.3ms) [0m[34mDownloaded file from key: v346u2k8yvxh7xyam0wttt6d7ilo[0m
  Rendering text template
  Rendered text template (Duration: 0.0ms | Allocations: 4)
Sent data Sample1 (0.6ms)
Completed 200 OK in 8ms (Views: 0.4ms | ActiveRecord: 0.4ms | Allocations: 2322)


Started GET "/shared/vteLz7" for ::1 at 2025-01-13 15:09:33 +0530
Processing by SharedFilesController#show as HTML
  Parameters: {"token"=>"[FILTERED]"}
  [1m[36mUploadedFile Load (0.2ms)[0m  [1m[34mSELECT "uploaded_files".* FROM "uploaded_files" WHERE "uploaded_files"."share_token" = ? LIMIT ?[0m  [["share_token", "[FILTERED]"], ["LIMIT", 1]]
  ↳ app/controllers/shared_files_controller.rb:3:in `show'
  [1m[36mActiveStorage::Attachment Load (0.2ms)[0m  [1m[34mSELECT "active_storage_attachments".* FROM "active_storage_attachments" WHERE "active_storage_attachments"."record_id" = ? AND "active_storage_attachments"."record_type" = ? AND "active_storage_attachments"."name" = ? LIMIT ?[0m  [["record_id", 3], ["record_type", "UploadedFile"], ["name", "file"], ["LIMIT", 1]]
  ↳ app/controllers/shared_files_controller.rb:4:in `show'
  [1m[36mActiveStorage::Blob Load (0.1ms)[0m  [1m[34mSELECT "active_storage_blobs".* FROM "active_storage_blobs" WHERE "active_storage_blobs"."id" = ? LIMIT ?[0m  [["id", 6], ["LIMIT", 1]]
  ↳ app/controllers/shared_files_controller.rb:4:in `show'
[36m  Disk Storage (0.4ms) [0m[34mDownloaded file from key: v346u2k8yvxh7xyam0wttt6d7ilo[0m
  Rendering text template
  Rendered text template (Duration: 0.0ms | Allocations: 4)
Sent data Sample1 (0.5ms)
Completed 200 OK in 7ms (Views: 0.3ms | ActiveRecord: 0.4ms | Allocations: 2320)


Started GET "/shared/vteLz7" for ::1 at 2025-01-13 15:09:35 +0530
Processing by SharedFilesController#show as HTML
  Parameters: {"token"=>"[FILTERED]"}
  [1m[36mUploadedFile Load (0.1ms)[0m  [1m[34mSELECT "uploaded_files".* FROM "uploaded_files" WHERE "uploaded_files"."share_token" = ? LIMIT ?[0m  [["share_token", "[FILTERED]"], ["LIMIT", 1]]
  ↳ app/controllers/shared_files_controller.rb:3:in `show'
  [1m[36mActiveStorage::Attachment Load (0.1ms)[0m  [1m[34mSELECT "active_storage_attachments".* FROM "active_storage_attachments" WHERE "active_storage_attachments"."record_id" = ? AND "active_storage_attachments"."record_type" = ? AND "active_storage_attachments"."name" = ? LIMIT ?[0m  [["record_id", 3], ["record_type", "UploadedFile"], ["name", "file"], ["LIMIT", 1]]
  ↳ app/controllers/shared_files_controller.rb:4:in `show'
  [1m[36mActiveStorage::Blob Load (0.1ms)[0m  [1m[34mSELECT "active_storage_blobs".* FROM "active_storage_blobs" WHERE "active_storage_blobs"."id" = ? LIMIT ?[0m  [["id", 6], ["LIMIT", 1]]
  ↳ app/controllers/shared_files_controller.rb:4:in `show'
[36m  Disk Storage (0.3ms) [0m[34mDownloaded file from key: v346u2k8yvxh7xyam0wttt6d7ilo[0m
  Rendering text template
  Rendered text template (Duration: 0.0ms | Allocations: 4)
Sent data Sample1 (0.5ms)
Completed 200 OK in 6ms (Views: 0.3ms | ActiveRecord: 0.3ms | Allocations: 2322)


Started GET "/files/3" for ::1 at 2025-01-13 15:09:35 +0530
Processing by FilesController#show as HTML
  Parameters: {"id"=>"3"}
  [1m[36mUser Load (0.1ms)[0m  [1m[34mSELECT "users".* FROM "users" WHERE "users"."id" = ? ORDER BY "users"."id" ASC LIMIT ?[0m  [["id", 1], ["LIMIT", 1]]
  [1m[36mUploadedFile Load (0.2ms)[0m  [1m[34mSELECT "uploaded_files".* FROM "uploaded_files" WHERE "uploaded_files"."user_id" = ? AND "uploaded_files"."id" = ? LIMIT ?[0m  [["user_id", 1], ["id", 3], ["LIMIT", 1]]
  ↳ app/controllers/files_controller.rb:69:in `set_file'
  [1m[36mActiveStorage::Attachment Load (0.1ms)[0m  [1m[34mSELECT "active_storage_attachments".* FROM "active_storage_attachments" WHERE "active_storage_attachments"."record_id" = ? AND "active_storage_attachments"."record_type" = ? AND "active_storage_attachments"."name" = ? LIMIT ?[0m  [["record_id", 3], ["record_type", "UploadedFile"], ["name", "file"], ["LIMIT", 1]]
  ↳ app/controllers/files_controller.rb:11:in `show'
  [1m[36mActiveStorage::Blob Load (0.1ms)[0m  [1m[34mSELECT "active_storage_blobs".* FROM "active_storage_blobs" WHERE "active_storage_blobs"."id" = ? LIMIT ?[0m  [["id", 6], ["LIMIT", 1]]
  ↳ app/controllers/files_controller.rb:12:in `show'
[36m  Disk Storage (0.3ms) [0m[34mDownloaded file from key: v346u2k8yvxh7xyam0wttt6d7ilo[0m
  Rendering text template
  Rendered text template (Duration: 0.0ms | Allocations: 4)
Sent data Resume.pdf (0.5ms)
Completed 200 OK in 11ms (Views: 0.3ms | ActiveRecord: 0.5ms | Allocations: 3926)


Started GET "/files/3" for ::1 at 2025-01-13 15:09:35 +0530
Processing by FilesController#show as HTML
  Parameters: {"id"=>"3"}
  [1m[36mUser Load (0.1ms)[0m  [1m[34mSELECT "users".* FROM "users" WHERE "users"."id" = ? ORDER BY "users"."id" ASC LIMIT ?[0m  [["id", 1], ["LIMIT", 1]]
  [1m[36mUploadedFile Load (0.1ms)[0m  [1m[34mSELECT "uploaded_files".* FROM "uploaded_files" WHERE "uploaded_files"."user_id" = ? AND "uploaded_files"."id" = ? LIMIT ?[0m  [["user_id", 1], ["id", 3], ["LIMIT", 1]]
  ↳ app/controllers/files_controller.rb:69:in `set_file'
  [1m[36mActiveStorage::Attachment Load (0.0ms)[0m  [1m[34mSELECT "active_storage_attachments".* FROM "active_storage_attachments" WHERE "active_storage_attachments"."record_id" = ? AND "active_storage_attachments"."record_type" = ? AND "active_storage_attachments"."name" = ? LIMIT ?[0m  [["record_id", 3], ["record_type", "UploadedFile"], ["name", "file"], ["LIMIT", 1]]
  ↳ app/controllers/files_controller.rb:11:in `show'
  [1m[36mActiveStorage::Blob Load (0.0ms)[0m  [1m[34mSELECT "active_storage_blobs".* FROM "active_storage_blobs" WHERE "active_storage_blobs"."id" = ? LIMIT ?[0m  [["id", 6], ["LIMIT", 1]]
  ↳ app/controllers/files_controller.rb:12:in `show'
[36m  Disk Storage (0.2ms) [0m[34mDownloaded file from key: v346u2k8yvxh7xyam0wttt6d7ilo[0m
  Rendering text template
  Rendered text template (Duration: 0.0ms | Allocations: 4)
Sent data Resume.pdf (0.3ms)
Completed 200 OK in 6ms (Views: 0.2ms | ActiveRecord: 0.2ms | Allocations: 3896)


Started GET "/shared/vteLz7" for ::1 at 2025-01-13 15:09:45 +0530
Processing by SharedFilesController#show as HTML
  Parameters: {"token"=>"[FILTERED]"}
  [1m[36mUploadedFile Load (0.2ms)[0m  [1m[34mSELECT "uploaded_files".* FROM "uploaded_files" WHERE "uploaded_files"."share_token" = ? LIMIT ?[0m  [["share_token", "[FILTERED]"], ["LIMIT", 1]]
  ↳ app/controllers/shared_files_controller.rb:3:in `show'
  [1m[36mActiveStorage::Attachment Load (0.2ms)[0m  [1m[34mSELECT "active_storage_attachments".* FROM "active_storage_attachments" WHERE "active_storage_attachments"."record_id" = ? AND "active_storage_attachments"."record_type" = ? AND "active_storage_attachments"."name" = ? LIMIT ?[0m  [["record_id", 3], ["record_type", "UploadedFile"], ["name", "file"], ["LIMIT", 1]]
  ↳ app/controllers/shared_files_controller.rb:4:in `show'
  [1m[36mActiveStorage::Blob Load (0.1ms)[0m  [1m[34mSELECT "active_storage_blobs".* FROM "active_storage_blobs" WHERE "active_storage_blobs"."id" = ? LIMIT ?[0m  [["id", 6], ["LIMIT", 1]]
  ↳ app/controllers/shared_files_controller.rb:4:in `show'
[36m  Disk Storage (0.4ms) [0m[34mDownloaded file from key: v346u2k8yvxh7xyam0wttt6d7ilo[0m
  Rendering text template
  Rendered text template (Duration: 0.0ms | Allocations: 4)
Sent data Sample1 (1.4ms)
Completed 200 OK in 8ms (Views: 1.1ms | ActiveRecord: 0.4ms | Allocations: 2322)


Started GET "/files" for ::1 at 2025-01-13 15:10:53 +0530
Processing by FilesController#index as HTML
  [1m[36mUser Load (0.4ms)[0m  [1m[34mSELECT "users".* FROM "users" WHERE "users"."id" = ? ORDER BY "users"."id" ASC LIMIT ?[0m  [["id", 1], ["LIMIT", 1]]
  Rendering layout layouts/application.html.erb
  Rendering files/index.html.erb within layouts/application
  [1m[36mUploadedFile Load (0.1ms)[0m  [1m[34mSELECT "uploaded_files".* FROM "uploaded_files" WHERE "uploaded_files"."user_id" = ?[0m  [["user_id", 1]]
  ↳ app/views/files/index.html.erb:22
  Rendered files/index.html.erb within layouts/application (Duration: 3.8ms | Allocations: 1389)
  Rendered layout layouts/application.html.erb (Duration: 26.0ms | Allocations: 6766)
Completed 200 OK in 36ms (Views: 26.7ms | ActiveRecord: 0.4ms | Allocations: 8345)


Started GET "/shared/vteLz7" for ::1 at 2025-01-13 15:10:54 +0530
Processing by SharedFilesController#show as HTML
  Parameters: {"token"=>"[FILTERED]"}
  [1m[36mUploadedFile Load (0.2ms)[0m  [1m[34mSELECT "uploaded_files".* FROM "uploaded_files" WHERE "uploaded_files"."share_token" = ? LIMIT ?[0m  [["share_token", "[FILTERED]"], ["LIMIT", 1]]
  ↳ app/controllers/shared_files_controller.rb:3:in `show'
  [1m[36mActiveStorage::Attachment Load (0.1ms)[0m  [1m[34mSELECT "active_storage_attachments".* FROM "active_storage_attachments" WHERE "active_storage_attachments"."record_id" = ? AND "active_storage_attachments"."record_type" = ? AND "active_storage_attachments"."name" = ? LIMIT ?[0m  [["record_id", 3], ["record_type", "UploadedFile"], ["name", "file"], ["LIMIT", 1]]
  ↳ app/controllers/shared_files_controller.rb:4:in `show'
  [1m[36mActiveStorage::Blob Load (0.1ms)[0m  [1m[34mSELECT "active_storage_blobs".* FROM "active_storage_blobs" WHERE "active_storage_blobs"."id" = ? LIMIT ?[0m  [["id", 6], ["LIMIT", 1]]
  ↳ app/controllers/shared_files_controller.rb:4:in `show'
[36m  Disk Storage (0.6ms) [0m[34mDownloaded file from key: v346u2k8yvxh7xyam0wttt6d7ilo[0m
  Rendering text template
  Rendered text template (Duration: 0.0ms | Allocations: 4)
Sent data Sample1 (0.5ms)
Completed 200 OK in 8ms (Views: 0.3ms | ActiveRecord: 0.4ms | Allocations: 2323)


Started GET "/shared/vteLz7" for ::1 at 2025-01-13 15:10:54 +0530
Processing by SharedFilesController#show as HTML
  Parameters: {"token"=>"[FILTERED]"}
  [1m[36mUploadedFile Load (0.3ms)[0m  [1m[34mSELECT "uploaded_files".* FROM "uploaded_files" WHERE "uploaded_files"."share_token" = ? LIMIT ?[0m  [["share_token", "[FILTERED]"], ["LIMIT", 1]]
  ↳ app/controllers/shared_files_controller.rb:3:in `show'
  [1m[36mActiveStorage::Attachment Load (0.3ms)[0m  [1m[34mSELECT "active_storage_attachments".* FROM "active_storage_attachments" WHERE "active_storage_attachments"."record_id" = ? AND "active_storage_attachments"."record_type" = ? AND "active_storage_attachments"."name" = ? LIMIT ?[0m  [["record_id", 3], ["record_type", "UploadedFile"], ["name", "file"], ["LIMIT", 1]]
  ↳ app/controllers/shared_files_controller.rb:4:in `show'
  [1m[36mActiveStorage::Blob Load (0.1ms)[0m  [1m[34mSELECT "active_storage_blobs".* FROM "active_storage_blobs" WHERE "active_storage_blobs"."id" = ? LIMIT ?[0m  [["id", 6], ["LIMIT", 1]]
  ↳ app/controllers/shared_files_controller.rb:4:in `show'
[36m  Disk Storage (0.1ms) [0m[34mDownloaded file from key: v346u2k8yvxh7xyam0wttt6d7ilo[0m
  Rendering text template
  Rendered text template (Duration: 0.0ms | Allocations: 4)
Sent data Sample1 (0.3ms)
Completed 200 OK in 7ms (Views: 0.2ms | ActiveRecord: 0.6ms | Allocations: 2320)


Started GET "/files" for ::1 at 2025-01-13 15:12:33 +0530
Processing by FilesController#index as HTML
  [1m[36mUser Load (0.3ms)[0m  [1m[34mSELECT "users".* FROM "users" WHERE "users"."id" = ? ORDER BY "users"."id" ASC LIMIT ?[0m  [["id", 1], ["LIMIT", 1]]
  Rendering layout layouts/application.html.erb
  Rendering files/index.html.erb within layouts/application
  [1m[36mUploadedFile Exists? (0.1ms)[0m  [1m[34mSELECT 1 AS one FROM "uploaded_files" WHERE "uploaded_files"."user_id" = ? LIMIT ?[0m  [["user_id", 1], ["LIMIT", 1]]
  ↳ app/views/files/index.html.erb:9
  [1m[36mUploadedFile Load (0.1ms)[0m  [1m[34mSELECT "uploaded_files".* FROM "uploaded_files" WHERE "uploaded_files"."user_id" = ? ORDER BY "uploaded_files"."created_at" DESC[0m  [["user_id", 1]]
  ↳ app/views/files/index.html.erb:25
  [1m[36mActiveStorage::Attachment Load (0.3ms)[0m  [1m[34mSELECT "active_storage_attachments".* FROM "active_storage_attachments" WHERE "active_storage_attachments"."record_id" = ? AND "active_storage_attachments"."record_type" = ? AND "active_storage_attachments"."name" = ? LIMIT ?[0m  [["record_id", 3], ["record_type", "UploadedFile"], ["name", "file"], ["LIMIT", 1]]
  ↳ app/views/files/index.html.erb:34
  [1m[36mActiveStorage::Blob Load (0.0ms)[0m  [1m[34mSELECT "active_storage_blobs".* FROM "active_storage_blobs" WHERE "active_storage_blobs"."id" = ? LIMIT ?[0m  [["id", 6], ["LIMIT", 1]]
  ↳ app/views/files/index.html.erb:34
  Rendered files/index.html.erb within layouts/application (Duration: 22.4ms | Allocations: 20777)
  Rendered layout layouts/application.html.erb (Duration: 33.6ms | Allocations: 37254)
Completed 200 OK in 44ms (Views: 33.8ms | ActiveRecord: 1.5ms | Allocations: 46610)


Started GET "/s/vteLz7" for ::1 at 2025-01-13 15:12:42 +0530
Processing by SharedFilesController#show as HTML
  Parameters: {"token"=>"[FILTERED]"}
  [1m[36mUploadedFile Load (0.2ms)[0m  [1m[34mSELECT "uploaded_files".* FROM "uploaded_files" WHERE "uploaded_files"."share_token" = ? LIMIT ?[0m  [["share_token", "[FILTERED]"], ["LIMIT", 1]]
  ↳ app/controllers/shared_files_controller.rb:3:in `show'
  [1m[36mActiveStorage::Attachment Load (0.2ms)[0m  [1m[34mSELECT "active_storage_attachments".* FROM "active_storage_attachments" WHERE "active_storage_attachments"."record_id" = ? AND "active_storage_attachments"."record_type" = ? AND "active_storage_attachments"."name" = ? LIMIT ?[0m  [["record_id", 3], ["record_type", "UploadedFile"], ["name", "file"], ["LIMIT", 1]]
  ↳ app/controllers/shared_files_controller.rb:4:in `show'
  [1m[36mActiveStorage::Blob Load (0.1ms)[0m  [1m[34mSELECT "active_storage_blobs".* FROM "active_storage_blobs" WHERE "active_storage_blobs"."id" = ? LIMIT ?[0m  [["id", 6], ["LIMIT", 1]]
  ↳ app/controllers/shared_files_controller.rb:4:in `show'
[36m  Disk Storage (0.4ms) [0m[34mDownloaded file from key: v346u2k8yvxh7xyam0wttt6d7ilo[0m
  Rendering text template
  Rendered text template (Duration: 0.0ms | Allocations: 7)
Sent data Sample1 (0.8ms)
Completed 200 OK in 8ms (Views: 0.7ms | ActiveRecord: 0.5ms | Allocations: 3089)


Started GET "/s/vteLz7" for ::1 at 2025-01-13 15:12:48 +0530
Processing by SharedFilesController#show as HTML
  Parameters: {"token"=>"[FILTERED]"}
  [1m[36mUploadedFile Load (0.2ms)[0m  [1m[34mSELECT "uploaded_files".* FROM "uploaded_files" WHERE "uploaded_files"."share_token" = ? LIMIT ?[0m  [["share_token", "[FILTERED]"], ["LIMIT", 1]]
  ↳ app/controllers/shared_files_controller.rb:3:in `show'
  [1m[36mActiveStorage::Attachment Load (0.2ms)[0m  [1m[34mSELECT "active_storage_attachments".* FROM "active_storage_attachments" WHERE "active_storage_attachments"."record_id" = ? AND "active_storage_attachments"."record_type" = ? AND "active_storage_attachments"."name" = ? LIMIT ?[0m  [["record_id", 3], ["record_type", "UploadedFile"], ["name", "file"], ["LIMIT", 1]]
  ↳ app/controllers/shared_files_controller.rb:4:in `show'
  [1m[36mActiveStorage::Blob Load (0.1ms)[0m  [1m[34mSELECT "active_storage_blobs".* FROM "active_storage_blobs" WHERE "active_storage_blobs"."id" = ? LIMIT ?[0m  [["id", 6], ["LIMIT", 1]]
  ↳ app/controllers/shared_files_controller.rb:4:in `show'
[36m  Disk Storage (0.3ms) [0m[34mDownloaded file from key: v346u2k8yvxh7xyam0wttt6d7ilo[0m
  Rendering text template
  Rendered text template (Duration: 0.0ms | Allocations: 4)
Sent data Sample1 (0.5ms)
Completed 200 OK in 8ms (Views: 0.3ms | ActiveRecord: 0.5ms | Allocations: 2529)


Started DELETE "/files/3/revoke_share_link" for ::1 at 2025-01-13 15:12:50 +0530
Processing by FilesController#revoke_share_link as TURBO_STREAM
  Parameters: {"authenticity_token"=>"[FILTERED]", "id"=>"3"}
  [1m[36mUser Load (0.2ms)[0m  [1m[34mSELECT "users".* FROM "users" WHERE "users"."id" = ? ORDER BY "users"."id" ASC LIMIT ?[0m  [["id", 1], ["LIMIT", 1]]
  [1m[36mUploadedFile Load (0.2ms)[0m  [1m[34mSELECT "uploaded_files".* FROM "uploaded_files" WHERE "uploaded_files"."user_id" = ? AND "uploaded_files"."id" = ? LIMIT ?[0m  [["user_id", 1], ["id", 3], ["LIMIT", 1]]
  ↳ app/controllers/files_controller.rb:56:in `set_file'
  [1m[36mTRANSACTION (0.1ms)[0m  [1m[36mbegin transaction[0m
  ↳ app/models/uploaded_file.rb:25:in `revoke_share_token'
  [1m[36mActiveStorage::Attachment Load (0.1ms)[0m  [1m[34mSELECT "active_storage_attachments".* FROM "active_storage_attachments" WHERE "active_storage_attachments"."record_id" = ? AND "active_storage_attachments"."record_type" = ? AND "active_storage_attachments"."name" = ? LIMIT ?[0m  [["record_id", 3], ["record_type", "UploadedFile"], ["name", "file"], ["LIMIT", 1]]
  ↳ app/models/uploaded_file.rb:25:in `revoke_share_token'
  [1m[36mActiveStorage::Blob Load (0.0ms)[0m  [1m[34mSELECT "active_storage_blobs".* FROM "active_storage_blobs" WHERE "active_storage_blobs"."id" = ? LIMIT ?[0m  [["id", 6], ["LIMIT", 1]]
  ↳ app/models/uploaded_file.rb:25:in `revoke_share_token'
  [1m[36mUploadedFile Update (0.8ms)[0m  [1m[33mUPDATE "uploaded_files" SET "share_token" = ?, "updated_at" = ? WHERE "uploaded_files"."id" = ?[0m  [["share_token", "[FILTERED]"], ["updated_at", "2025-01-13 09:42:50.576711"], ["id", 3]]
  ↳ app/models/uploaded_file.rb:25:in `revoke_share_token'
  [1m[36mTRANSACTION (0.9ms)[0m  [1m[36mcommit transaction[0m
  ↳ app/models/uploaded_file.rb:25:in `revoke_share_token'
Redirected to http://localhost:3000/files
Completed 302 Found in 16ms (ActiveRecord: 2.3ms | Allocations: 6883)


Started GET "/files" for ::1 at 2025-01-13 15:12:50 +0530
Processing by FilesController#index as TURBO_STREAM
  [1m[36mUser Load (0.1ms)[0m  [1m[34mSELECT "users".* FROM "users" WHERE "users"."id" = ? ORDER BY "users"."id" ASC LIMIT ?[0m  [["id", 1], ["LIMIT", 1]]
  Rendering layout layouts/application.html.erb
  Rendering files/index.html.erb within layouts/application
  [1m[36mUploadedFile Exists? (0.1ms)[0m  [1m[34mSELECT 1 AS one FROM "uploaded_files" WHERE "uploaded_files"."user_id" = ? LIMIT ?[0m  [["user_id", 1], ["LIMIT", 1]]
  ↳ app/views/files/index.html.erb:9
  [1m[36mUploadedFile Load (0.1ms)[0m  [1m[34mSELECT "uploaded_files".* FROM "uploaded_files" WHERE "uploaded_files"."user_id" = ? ORDER BY "uploaded_files"."created_at" DESC[0m  [["user_id", 1]]
  ↳ app/views/files/index.html.erb:25
  [1m[36mActiveStorage::Attachment Load (0.1ms)[0m  [1m[34mSELECT "active_storage_attachments".* FROM "active_storage_attachments" WHERE "active_storage_attachments"."record_id" = ? AND "active_storage_attachments"."record_type" = ? AND "active_storage_attachments"."name" = ? LIMIT ?[0m  [["record_id", 3], ["record_type", "UploadedFile"], ["name", "file"], ["LIMIT", 1]]
  ↳ app/views/files/index.html.erb:34
  [1m[36mActiveStorage::Blob Load (0.0ms)[0m  [1m[34mSELECT "active_storage_blobs".* FROM "active_storage_blobs" WHERE "active_storage_blobs"."id" = ? LIMIT ?[0m  [["id", 6], ["LIMIT", 1]]
  ↳ app/views/files/index.html.erb:34
  Rendered files/index.html.erb within layouts/application (Duration: 4.1ms | Allocations: 3594)
  Rendered layout layouts/application.html.erb (Duration: 13.3ms | Allocations: 5677)
Completed 200 OK in 16ms (Views: 13.4ms | ActiveRecord: 0.3ms | Allocations: 7483)


Started GET "/files/3" for ::1 at 2025-01-13 15:12:51 +0530
Processing by FilesController#show as HTML
  Parameters: {"id"=>"3"}
  [1m[36mUser Load (0.2ms)[0m  [1m[34mSELECT "users".* FROM "users" WHERE "users"."id" = ? ORDER BY "users"."id" ASC LIMIT ?[0m  [["id", 1], ["LIMIT", 1]]
  [1m[36mUploadedFile Load (0.2ms)[0m  [1m[34mSELECT "uploaded_files".* FROM "uploaded_files" WHERE "uploaded_files"."user_id" = ? AND "uploaded_files"."id" = ? LIMIT ?[0m  [["user_id", 1], ["id", 3], ["LIMIT", 1]]
  ↳ app/controllers/files_controller.rb:56:in `set_file'
  [1m[36mActiveStorage::Attachment Load (0.1ms)[0m  [1m[34mSELECT "active_storage_attachments".* FROM "active_storage_attachments" WHERE "active_storage_attachments"."record_id" = ? AND "active_storage_attachments"."record_type" = ? AND "active_storage_attachments"."name" = ? LIMIT ?[0m  [["record_id", 3], ["record_type", "UploadedFile"], ["name", "file"], ["LIMIT", 1]]
  ↳ app/controllers/files_controller.rb:10:in `show'
  [1m[36mActiveStorage::Blob Load (0.1ms)[0m  [1m[34mSELECT "active_storage_blobs".* FROM "active_storage_blobs" WHERE "active_storage_blobs"."id" = ? LIMIT ?[0m  [["id", 6], ["LIMIT", 1]]
  ↳ app/controllers/files_controller.rb:11:in `show'
[36m  Disk Storage (0.2ms) [0m[34mDownloaded file from key: v346u2k8yvxh7xyam0wttt6d7ilo[0m
  Rendering text template
  Rendered text template (Duration: 0.0ms | Allocations: 4)
Sent data Resume.pdf (0.6ms)
Completed 200 OK in 13ms (Views: 0.4ms | ActiveRecord: 0.5ms | Allocations: 4107)


Started POST "/files/3/generate_share_link" for ::1 at 2025-01-13 15:12:51 +0530
Processing by FilesController#generate_share_link as TURBO_STREAM
  Parameters: {"authenticity_token"=>"[FILTERED]", "id"=>"3"}
  [1m[36mUser Load (0.2ms)[0m  [1m[34mSELECT "users".* FROM "users" WHERE "users"."id" = ? ORDER BY "users"."id" ASC LIMIT ?[0m  [["id", 1], ["LIMIT", 1]]
  [1m[36mUploadedFile Load (0.1ms)[0m  [1m[34mSELECT "uploaded_files".* FROM "uploaded_files" WHERE "uploaded_files"."user_id" = ? AND "uploaded_files"."id" = ? LIMIT ?[0m  [["user_id", 1], ["id", 3], ["LIMIT", 1]]
  ↳ app/controllers/files_controller.rb:56:in `set_file'
  [1m[36mUploadedFile Exists? (0.1ms)[0m  [1m[34mSELECT 1 AS one FROM "uploaded_files" WHERE "uploaded_files"."share_token" = ? LIMIT ?[0m  [["share_token", "[FILTERED]"], ["LIMIT", 1]]
  ↳ app/models/uploaded_file.rb:16:in `block in generate_share_token'
  [1m[36mTRANSACTION (0.0ms)[0m  [1m[36mbegin transaction[0m
  ↳ app/models/uploaded_file.rb:17:in `block in generate_share_token'
  [1m[36mActiveStorage::Attachment Load (0.1ms)[0m  [1m[34mSELECT "active_storage_attachments".* FROM "active_storage_attachments" WHERE "active_storage_attachments"."record_id" = ? AND "active_storage_attachments"."record_type" = ? AND "active_storage_attachments"."name" = ? LIMIT ?[0m  [["record_id", 3], ["record_type", "UploadedFile"], ["name", "file"], ["LIMIT", 1]]
  ↳ app/models/uploaded_file.rb:17:in `block in generate_share_token'
  [1m[36mActiveStorage::Blob Load (0.0ms)[0m  [1m[34mSELECT "active_storage_blobs".* FROM "active_storage_blobs" WHERE "active_storage_blobs"."id" = ? LIMIT ?[0m  [["id", 6], ["LIMIT", 1]]
  ↳ app/models/uploaded_file.rb:17:in `block in generate_share_token'
  [1m[36mUploadedFile Update (0.5ms)[0m  [1m[33mUPDATE "uploaded_files" SET "share_token" = ?, "updated_at" = ? WHERE "uploaded_files"."id" = ?[0m  [["share_token", "[FILTERED]"], ["updated_at", "2025-01-13 09:42:52.024002"], ["id", 3]]
  ↳ app/models/uploaded_file.rb:17:in `block in generate_share_token'
  [1m[36mTRANSACTION (0.9ms)[0m  [1m[36mcommit transaction[0m
  ↳ app/models/uploaded_file.rb:17:in `block in generate_share_token'
Redirected to http://localhost:3000/files
Completed 302 Found in 16ms (ActiveRecord: 2.0ms | Allocations: 7274)


Started GET "/files" for ::1 at 2025-01-13 15:12:52 +0530
Processing by FilesController#index as TURBO_STREAM
  [1m[36mUser Load (0.1ms)[0m  [1m[34mSELECT "users".* FROM "users" WHERE "users"."id" = ? ORDER BY "users"."id" ASC LIMIT ?[0m  [["id", 1], ["LIMIT", 1]]
  Rendering layout layouts/application.html.erb
  Rendering files/index.html.erb within layouts/application
  [1m[36mUploadedFile Exists? (0.1ms)[0m  [1m[34mSELECT 1 AS one FROM "uploaded_files" WHERE "uploaded_files"."user_id" = ? LIMIT ?[0m  [["user_id", 1], ["LIMIT", 1]]
  ↳ app/views/files/index.html.erb:9
  [1m[36mUploadedFile Load (0.1ms)[0m  [1m[34mSELECT "uploaded_files".* FROM "uploaded_files" WHERE "uploaded_files"."user_id" = ? ORDER BY "uploaded_files"."created_at" DESC[0m  [["user_id", 1]]
  ↳ app/views/files/index.html.erb:25
  [1m[36mActiveStorage::Attachment Load (0.1ms)[0m  [1m[34mSELECT "active_storage_attachments".* FROM "active_storage_attachments" WHERE "active_storage_attachments"."record_id" = ? AND "active_storage_attachments"."record_type" = ? AND "active_storage_attachments"."name" = ? LIMIT ?[0m  [["record_id", 3], ["record_type", "UploadedFile"], ["name", "file"], ["LIMIT", 1]]
  ↳ app/views/files/index.html.erb:34
  [1m[36mActiveStorage::Blob Load (0.0ms)[0m  [1m[34mSELECT "active_storage_blobs".* FROM "active_storage_blobs" WHERE "active_storage_blobs"."id" = ? LIMIT ?[0m  [["id", 6], ["LIMIT", 1]]
  ↳ app/views/files/index.html.erb:34
  Rendered files/index.html.erb within layouts/application (Duration: 3.9ms | Allocations: 3672)
  Rendered layout layouts/application.html.erb (Duration: 6.2ms | Allocations: 5761)
Completed 200 OK in 9ms (Views: 6.3ms | ActiveRecord: 0.4ms | Allocations: 7527)


Started GET "/files/3" for ::1 at 2025-01-13 15:12:55 +0530
Processing by FilesController#show as HTML
  Parameters: {"id"=>"3"}
  [1m[36mUser Load (0.1ms)[0m  [1m[34mSELECT "users".* FROM "users" WHERE "users"."id" = ? ORDER BY "users"."id" ASC LIMIT ?[0m  [["id", 1], ["LIMIT", 1]]
  [1m[36mUploadedFile Load (0.1ms)[0m  [1m[34mSELECT "uploaded_files".* FROM "uploaded_files" WHERE "uploaded_files"."user_id" = ? AND "uploaded_files"."id" = ? LIMIT ?[0m  [["user_id", 1], ["id", 3], ["LIMIT", 1]]
  ↳ app/controllers/files_controller.rb:56:in `set_file'
  [1m[36mActiveStorage::Attachment Load (0.1ms)[0m  [1m[34mSELECT "active_storage_attachments".* FROM "active_storage_attachments" WHERE "active_storage_attachments"."record_id" = ? AND "active_storage_attachments"."record_type" = ? AND "active_storage_attachments"."name" = ? LIMIT ?[0m  [["record_id", 3], ["record_type", "UploadedFile"], ["name", "file"], ["LIMIT", 1]]
  ↳ app/controllers/files_controller.rb:10:in `show'
  [1m[36mActiveStorage::Blob Load (0.1ms)[0m  [1m[34mSELECT "active_storage_blobs".* FROM "active_storage_blobs" WHERE "active_storage_blobs"."id" = ? LIMIT ?[0m  [["id", 6], ["LIMIT", 1]]
  ↳ app/controllers/files_controller.rb:11:in `show'
[36m  Disk Storage (0.3ms) [0m[34mDownloaded file from key: v346u2k8yvxh7xyam0wttt6d7ilo[0m
  Rendering text template
  Rendered text template (Duration: 0.0ms | Allocations: 4)
Sent data Resume.pdf (0.5ms)
Completed 200 OK in 10ms (Views: 0.3ms | ActiveRecord: 0.4ms | Allocations: 3916)


Started DELETE "/files/3/revoke_share_link" for ::1 at 2025-01-13 15:12:56 +0530
Processing by FilesController#revoke_share_link as TURBO_STREAM
  Parameters: {"authenticity_token"=>"[FILTERED]", "id"=>"3"}
  [1m[36mUser Load (0.1ms)[0m  [1m[34mSELECT "users".* FROM "users" WHERE "users"."id" = ? ORDER BY "users"."id" ASC LIMIT ?[0m  [["id", 1], ["LIMIT", 1]]
  [1m[36mUploadedFile Load (0.1ms)[0m  [1m[34mSELECT "uploaded_files".* FROM "uploaded_files" WHERE "uploaded_files"."user_id" = ? AND "uploaded_files"."id" = ? LIMIT ?[0m  [["user_id", 1], ["id", 3], ["LIMIT", 1]]
  ↳ app/controllers/files_controller.rb:56:in `set_file'
  [1m[36mTRANSACTION (0.1ms)[0m  [1m[36mbegin transaction[0m
  ↳ app/models/uploaded_file.rb:25:in `revoke_share_token'
  [1m[36mActiveStorage::Attachment Load (0.1ms)[0m  [1m[34mSELECT "active_storage_attachments".* FROM "active_storage_attachments" WHERE "active_storage_attachments"."record_id" = ? AND "active_storage_attachments"."record_type" = ? AND "active_storage_attachments"."name" = ? LIMIT ?[0m  [["record_id", 3], ["record_type", "UploadedFile"], ["name", "file"], ["LIMIT", 1]]
  ↳ app/models/uploaded_file.rb:25:in `revoke_share_token'
  [1m[36mActiveStorage::Blob Load (0.0ms)[0m  [1m[34mSELECT "active_storage_blobs".* FROM "active_storage_blobs" WHERE "active_storage_blobs"."id" = ? LIMIT ?[0m  [["id", 6], ["LIMIT", 1]]
  ↳ app/models/uploaded_file.rb:25:in `revoke_share_token'
  [1m[36mUploadedFile Update (0.8ms)[0m  [1m[33mUPDATE "uploaded_files" SET "share_token" = ?, "updated_at" = ? WHERE "uploaded_files"."id" = ?[0m  [["share_token", "[FILTERED]"], ["updated_at", "2025-01-13 09:42:56.104899"], ["id", 3]]
  ↳ app/models/uploaded_file.rb:25:in `revoke_share_token'
  [1m[36mTRANSACTION (2.1ms)[0m  [1m[36mcommit transaction[0m
  ↳ app/models/uploaded_file.rb:25:in `revoke_share_token'
Redirected to http://localhost:3000/files
Completed 302 Found in 14ms (ActiveRecord: 3.3ms | Allocations: 6327)


Started GET "/files" for ::1 at 2025-01-13 15:12:56 +0530
Processing by FilesController#index as TURBO_STREAM
  [1m[36mUser Load (0.1ms)[0m  [1m[34mSELECT "users".* FROM "users" WHERE "users"."id" = ? ORDER BY "users"."id" ASC LIMIT ?[0m  [["id", 1], ["LIMIT", 1]]
  Rendering layout layouts/application.html.erb
  Rendering files/index.html.erb within layouts/application
  [1m[36mUploadedFile Exists? (0.1ms)[0m  [1m[34mSELECT 1 AS one FROM "uploaded_files" WHERE "uploaded_files"."user_id" = ? LIMIT ?[0m  [["user_id", 1], ["LIMIT", 1]]
  ↳ app/views/files/index.html.erb:9
  [1m[36mUploadedFile Load (0.1ms)[0m  [1m[34mSELECT "uploaded_files".* FROM "uploaded_files" WHERE "uploaded_files"."user_id" = ? ORDER BY "uploaded_files"."created_at" DESC[0m  [["user_id", 1]]
  ↳ app/views/files/index.html.erb:25
  [1m[36mActiveStorage::Attachment Load (0.1ms)[0m  [1m[34mSELECT "active_storage_attachments".* FROM "active_storage_attachments" WHERE "active_storage_attachments"."record_id" = ? AND "active_storage_attachments"."record_type" = ? AND "active_storage_attachments"."name" = ? LIMIT ?[0m  [["record_id", 3], ["record_type", "UploadedFile"], ["name", "file"], ["LIMIT", 1]]
  ↳ app/views/files/index.html.erb:34
  [1m[36mActiveStorage::Blob Load (0.0ms)[0m  [1m[34mSELECT "active_storage_blobs".* FROM "active_storage_blobs" WHERE "active_storage_blobs"."id" = ? LIMIT ?[0m  [["id", 6], ["LIMIT", 1]]
  ↳ app/views/files/index.html.erb:34
  Rendered files/index.html.erb within layouts/application (Duration: 4.3ms | Allocations: 3489)
  Rendered layout layouts/application.html.erb (Duration: 6.4ms | Allocations: 5455)
Completed 200 OK in 9ms (Views: 6.5ms | ActiveRecord: 0.4ms | Allocations: 7197)


Started GET "/files" for ::1 at 2025-01-13 15:13:13 +0530
Processing by FilesController#index as HTML
  [1m[36mUser Load (0.1ms)[0m  [1m[34mSELECT "users".* FROM "users" WHERE "users"."id" = ? ORDER BY "users"."id" ASC LIMIT ?[0m  [["id", 1], ["LIMIT", 1]]
  Rendering layout layouts/application.html.erb
  Rendering files/index.html.erb within layouts/application
  [1m[36mUploadedFile Exists? (0.3ms)[0m  [1m[34mSELECT 1 AS one FROM "uploaded_files" WHERE "uploaded_files"."user_id" = ? LIMIT ?[0m  [["user_id", 1], ["LIMIT", 1]]
  ↳ app/views/files/index.html.erb:9
  [1m[36mUploadedFile Load (0.1ms)[0m  [1m[34mSELECT "uploaded_files".* FROM "uploaded_files" WHERE "uploaded_files"."user_id" = ? ORDER BY "uploaded_files"."created_at" DESC[0m  [["user_id", 1]]
  ↳ app/views/files/index.html.erb:25
  [1m[36mActiveStorage::Attachment Load (0.1ms)[0m  [1m[34mSELECT "active_storage_attachments".* FROM "active_storage_attachments" WHERE "active_storage_attachments"."record_id" = ? AND "active_storage_attachments"."record_type" = ? AND "active_storage_attachments"."name" = ? LIMIT ?[0m  [["record_id", 3], ["record_type", "UploadedFile"], ["name", "file"], ["LIMIT", 1]]
  ↳ app/views/files/index.html.erb:34
  [1m[36mActiveStorage::Blob Load (0.1ms)[0m  [1m[34mSELECT "active_storage_blobs".* FROM "active_storage_blobs" WHERE "active_storage_blobs"."id" = ? LIMIT ?[0m  [["id", 6], ["LIMIT", 1]]
  ↳ app/views/files/index.html.erb:34
  Rendered files/index.html.erb within layouts/application (Duration: 5.6ms | Allocations: 3488)
  Rendered layout layouts/application.html.erb (Duration: 8.5ms | Allocations: 5449)
Completed 200 OK in 13ms (Views: 8.5ms | ActiveRecord: 0.6ms | Allocations: 7173)


Started DELETE "/users/sign_out" for ::1 at 2025-01-13 15:13:22 +0530
Processing by Devise::SessionsController#destroy as TURBO_STREAM
  Parameters: {"authenticity_token"=>"[FILTERED]"}
  [1m[36mUser Load (0.2ms)[0m  [1m[34mSELECT "users".* FROM "users" WHERE "users"."id" = ? ORDER BY "users"."id" ASC LIMIT ?[0m  [["id", 1], ["LIMIT", 1]]
Redirected to http://localhost:3000/
Completed 303 See Other in 7ms (ActiveRecord: 0.2ms | Allocations: 3034)


Started GET "/" for ::1 at 2025-01-13 15:13:22 +0530
Processing by FilesController#index as TURBO_STREAM
Completed 401 Unauthorized in 2ms (ActiveRecord: 0.0ms | Allocations: 414)


Started GET "/users/sign_in" for ::1 at 2025-01-13 15:13:22 +0530
Processing by Devise::SessionsController#new as TURBO_STREAM
  Rendering layout layouts/application.html.erb
  Rendering devise/sessions/new.html.erb within layouts/application
  Rendered devise/shared/_links.html.erb (Duration: 1.0ms | Allocations: 772)
  Rendered devise/sessions/new.html.erb within layouts/application (Duration: 6.6ms | Allocations: 3321)
  Rendered layout layouts/application.html.erb (Duration: 8.3ms | Allocations: 5237)
Completed 200 OK in 12ms (Views: 9.9ms | ActiveRecord: 0.0ms | Allocations: 6803)


Started GET "/users/sign_up" for ::1 at 2025-01-13 15:13:25 +0530
Processing by Devise::RegistrationsController#new as HTML
  Rendering layout layouts/application.html.erb
  Rendering devise/registrations/new.html.erb within layouts/application
  Rendered devise/shared/_error_messages.html.erb (Duration: 0.9ms | Allocations: 218)
  Rendered devise/shared/_links.html.erb (Duration: 0.4ms | Allocations: 159)
  Rendered devise/registrations/new.html.erb within layouts/application (Duration: 4.5ms | Allocations: 1668)
  Rendered layout layouts/application.html.erb (Duration: 7.1ms | Allocations: 3577)
Completed 200 OK in 11ms (Views: 9.7ms | ActiveRecord: 0.0ms | Allocations: 4908)


Started POST "/users" for ::1 at 2025-01-13 15:13:33 +0530
Processing by Devise::RegistrationsController#create as TURBO_STREAM
  Parameters: {"authenticity_token"=>"[FILTERED]", "user"=>{"email"=>"abhi1234@gmail.com", "password"=>"[FILTERED]", "password_confirmation"=>"[FILTERED]"}, "commit"=>"Sign up"}
  [1m[36mTRANSACTION (0.1ms)[0m  [1m[36mbegin transaction[0m
  [1m[36mUser Exists? (1.0ms)[0m  [1m[34mSELECT 1 AS one FROM "users" WHERE "users"."email" = ? LIMIT ?[0m  [["email", "abhi1234@gmail.com"], ["LIMIT", 1]]
  [1m[36mUser Create (0.9ms)[0m  [1m[32mINSERT INTO "users" ("email", "encrypted_password", "reset_password_token", "reset_password_sent_at", "remember_created_at", "created_at", "updated_at") VALUES (?, ?, ?, ?, ?, ?, ?)[0m  [["email", "abhi1234@gmail.com"], ["encrypted_password", "[FILTERED]"], ["reset_password_token", "[FILTERED]"], ["reset_password_sent_at", "[FILTERED]"], ["remember_created_at", nil], ["created_at", "2025-01-13 09:43:34.192304"], ["updated_at", "2025-01-13 09:43:34.192304"]]
  [1m[36mTRANSACTION (0.4ms)[0m  [1m[36mcommit transaction[0m
Redirected to http://localhost:3000/
Completed 303 See Other in 284ms (ActiveRecord: 2.4ms | Allocations: 8291)


Started GET "/" for ::1 at 2025-01-13 15:13:34 +0530
Processing by FilesController#index as TURBO_STREAM
  [1m[36mUser Load (0.0ms)[0m  [1m[34mSELECT "users".* FROM "users" WHERE "users"."id" = ? ORDER BY "users"."id" ASC LIMIT ?[0m  [["id", 2], ["LIMIT", 1]]
  Rendering layout layouts/application.html.erb
  Rendering files/index.html.erb within layouts/application
  [1m[36mUploadedFile Exists? (0.1ms)[0m  [1m[34mSELECT 1 AS one FROM "uploaded_files" WHERE "uploaded_files"."user_id" = ? LIMIT ?[0m  [["user_id", 2], ["LIMIT", 1]]
  ↳ app/views/files/index.html.erb:9
  Rendered files/index.html.erb within layouts/application (Duration: 0.4ms | Allocations: 690)
  Rendered layout layouts/application.html.erb (Duration: 1.6ms | Allocations: 2791)
Completed 200 OK in 3ms (Views: 1.7ms | ActiveRecord: 0.1ms | Allocations: 4807)


Started GET "/files/new" for ::1 at 2025-01-13 15:13:40 +0530
Processing by FilesController#new as HTML
  [1m[36mUser Load (0.2ms)[0m  [1m[34mSELECT "users".* FROM "users" WHERE "users"."id" = ? ORDER BY "users"."id" ASC LIMIT ?[0m  [["id", 2], ["LIMIT", 1]]
  Rendering layout layouts/application.html.erb
  Rendering files/new.html.erb within layouts/application
  Rendered files/new.html.erb within layouts/application (Duration: 6.9ms | Allocations: 1935)
  Rendered layout layouts/application.html.erb (Duration: 10.3ms | Allocations: 4044)
Completed 200 OK in 18ms (Views: 11.2ms | ActiveRecord: 0.2ms | Allocations: 5970)


Started POST "/files" for ::1 at 2025-01-13 15:14:01 +0530
Processing by FilesController#create as TURBO_STREAM
  Parameters: {"authenticity_token"=>"[FILTERED]", "uploaded_file"=>{"title"=>"Sample2", "description"=>"photo", "file"=>#<ActionDispatch::Http::UploadedFile:0x0000000108ba98a8 @tempfile=#<Tempfile:/var/folders/bb/fdrz1_dd4sd683jrwf41cdk00000gn/T/RackMultipart20250113-20307-j4fxsp.jpeg>, @content_type="image/jpeg", @original_filename="profile.jpeg", @headers="Content-Disposition: form-data; name=\"uploaded_file[file]\"; filename=\"profile.jpeg\"\r\nContent-Type: image/jpeg\r\n">}, "commit"=>"Upload"}
  [1m[36mUser Load (0.1ms)[0m  [1m[34mSELECT "users".* FROM "users" WHERE "users"."id" = ? ORDER BY "users"."id" ASC LIMIT ?[0m  [["id", 2], ["LIMIT", 1]]
  [1m[36mTRANSACTION (0.0ms)[0m  [1m[36mbegin transaction[0m
  ↳ app/controllers/files_controller.rb:25:in `create'
  [1m[36mUploadedFile Create (0.5ms)[0m  [1m[32mINSERT INTO "uploaded_files" ("title", "description", "content_type", "share_token", "user_id", "created_at", "updated_at") VALUES (?, ?, ?, ?, ?, ?, ?)[0m  [["title", "Sample2"], ["description", "photo"], ["content_type", "image/jpeg"], ["share_token", "[FILTERED]"], ["user_id", 2], ["created_at", "2025-01-13 09:44:01.743902"], ["updated_at", "2025-01-13 09:44:01.743902"]]
  ↳ app/controllers/files_controller.rb:25:in `create'
  [1m[36mActiveStorage::Attachment Load (0.0ms)[0m  [1m[34mSELECT "active_storage_attachments".* FROM "active_storage_attachments" WHERE "active_storage_attachments"."record_id" = ? AND "active_storage_attachments"."record_type" = ? AND "active_storage_attachments"."name" = ? LIMIT ?[0m  [["record_id", 4], ["record_type", "UploadedFile"], ["name", "file"], ["LIMIT", 1]]
  ↳ app/controllers/files_controller.rb:25:in `create'
  [1m[36mActiveStorage::Blob Create (0.1ms)[0m  [1m[32mINSERT INTO "active_storage_blobs" ("key", "filename", "content_type", "metadata", "service_name", "byte_size", "checksum", "created_at") VALUES (?, ?, ?, ?, ?, ?, ?, ?)[0m  [["key", "glp5p414lnvifankxs3vriic0q5v"], ["filename", "profile.jpeg"], ["content_type", "image/jpeg"], ["metadata", "{\"identified\":true}"], ["service_name", "local"], ["byte_size", 144198], ["checksum", "rYMcO7R+97fbXDckuw5qUg=="], ["created_at", "2025-01-13 09:44:01.747140"]]
  ↳ app/controllers/files_controller.rb:25:in `create'
  [1m[36mActiveStorage::Attachment Create (0.3ms)[0m  [1m[32mINSERT INTO "active_storage_attachments" ("name", "record_type", "record_id", "blob_id", "created_at") VALUES (?, ?, ?, ?, ?)[0m  [["name", "file"], ["record_type", "UploadedFile"], ["record_id", 4], ["blob_id", 7], ["created_at", "2025-01-13 09:44:01.748329"]]
  ↳ app/controllers/files_controller.rb:25:in `create'
  [1m[36mUploadedFile Update (0.0ms)[0m  [1m[33mUPDATE "uploaded_files" SET "updated_at" = ? WHERE "uploaded_files"."id" = ?[0m  [["updated_at", "2025-01-13 09:44:01.749250"], ["id", 4]]
  ↳ app/controllers/files_controller.rb:25:in `create'
  [1m[36mTRANSACTION (0.6ms)[0m  [1m[36mcommit transaction[0m
  ↳ app/controllers/files_controller.rb:25:in `create'
[36m  Disk Storage (1.7ms) [0m[32mUploaded file to key: glp5p414lnvifankxs3vriic0q5v (checksum: rYMcO7R+97fbXDckuw5qUg==)[0m
[ActiveJob] Enqueued ActiveStorage::AnalyzeJob (Job ID: 323c3db5-bddb-478d-9115-ef4e23258798) to Async(default) with arguments: #<GlobalID:0x0000000109bc8a90 @uri=#<URI::GID gid://secure-file-sharing/ActiveStorage::Blob/7>>
Redirected to http://localhost:3000/files
Completed 302 Found in 21ms (ActiveRecord: 1.6ms | Allocations: 11587)


[ActiveJob] [ActiveStorage::AnalyzeJob] [323c3db5-bddb-478d-9115-ef4e23258798]   [1m[36mActiveStorage::Blob Load (0.1ms)[0m  [1m[34mSELECT "active_storage_blobs".* FROM "active_storage_blobs" WHERE "active_storage_blobs"."id" = ? LIMIT ?[0m  [["id", 7], ["LIMIT", 1]]
[ActiveJob] [ActiveStorage::AnalyzeJob] [323c3db5-bddb-478d-9115-ef4e23258798] Performing ActiveStorage::AnalyzeJob (Job ID: 323c3db5-bddb-478d-9115-ef4e23258798) from Async(default) enqueued at 2025-01-13T09:44:01Z with arguments: #<GlobalID:0x0000000109d48050 @uri=#<URI::GID gid://secure-file-sharing/ActiveStorage::Blob/7>>
[ActiveJob] [ActiveStorage::AnalyzeJob] [323c3db5-bddb-478d-9115-ef4e23258798] Skipping image analysis because the ruby-vips gem isn't installed
[ActiveJob] [ActiveStorage::AnalyzeJob] [323c3db5-bddb-478d-9115-ef4e23258798]   [1m[36mTRANSACTION (0.0ms)[0m  [1m[36mbegin transaction[0m
[ActiveJob] [ActiveStorage::AnalyzeJob] [323c3db5-bddb-478d-9115-ef4e23258798]   [1m[36mActiveStorage::Blob Update (0.4ms)[0m  [1m[33mUPDATE "active_storage_blobs" SET "metadata" = ? WHERE "active_storage_blobs"."id" = ?[0m  [["metadata", "{\"identified\":true,\"analyzed\":true}"], ["id", 7]]
[ActiveJob] [ActiveStorage::AnalyzeJob] [323c3db5-bddb-478d-9115-ef4e23258798]   [1m[36mTRANSACTION (0.4ms)[0m  [1m[36mcommit transaction[0m
[ActiveJob] [ActiveStorage::AnalyzeJob] [323c3db5-bddb-478d-9115-ef4e23258798] Performed ActiveStorage::AnalyzeJob (Job ID: 323c3db5-bddb-478d-9115-ef4e23258798) from Async(default) in 26.88ms
Started GET "/files" for ::1 at 2025-01-13 15:14:01 +0530
Processing by FilesController#index as TURBO_STREAM
  [1m[36mUser Load (0.0ms)[0m  [1m[34mSELECT "users".* FROM "users" WHERE "users"."id" = ? ORDER BY "users"."id" ASC LIMIT ?[0m  [["id", 2], ["LIMIT", 1]]
  Rendering layout layouts/application.html.erb
  Rendering files/index.html.erb within layouts/application
  [1m[36mUploadedFile Exists? (0.0ms)[0m  [1m[34mSELECT 1 AS one FROM "uploaded_files" WHERE "uploaded_files"."user_id" = ? LIMIT ?[0m  [["user_id", 2], ["LIMIT", 1]]
  ↳ app/views/files/index.html.erb:9
  [1m[36mUploadedFile Load (0.0ms)[0m  [1m[34mSELECT "uploaded_files".* FROM "uploaded_files" WHERE "uploaded_files"."user_id" = ? ORDER BY "uploaded_files"."created_at" DESC[0m  [["user_id", 2]]
  ↳ app/views/files/index.html.erb:25
  [1m[36mActiveStorage::Attachment Load (0.0ms)[0m  [1m[34mSELECT "active_storage_attachments".* FROM "active_storage_attachments" WHERE "active_storage_attachments"."record_id" = ? AND "active_storage_attachments"."record_type" = ? AND "active_storage_attachments"."name" = ? LIMIT ?[0m  [["record_id", 4], ["record_type", "UploadedFile"], ["name", "file"], ["LIMIT", 1]]
  ↳ app/views/files/index.html.erb:34
  [1m[36mActiveStorage::Blob Load (0.0ms)[0m  [1m[34mSELECT "active_storage_blobs".* FROM "active_storage_blobs" WHERE "active_storage_blobs"."id" = ? LIMIT ?[0m  [["id", 7], ["LIMIT", 1]]
  ↳ app/views/files/index.html.erb:34
  Rendered files/index.html.erb within layouts/application (Duration: 2.1ms | Allocations: 3632)
  Rendered layout layouts/application.html.erb (Duration: 3.5ms | Allocations: 5729)
Completed 200 OK in 5ms (Views: 3.6ms | ActiveRecord: 0.1ms | Allocations: 7621)


Started POST "/files/4/generate_share_link" for ::1 at 2025-01-13 15:14:48 +0530
Processing by FilesController#generate_share_link as TURBO_STREAM
  Parameters: {"authenticity_token"=>"[FILTERED]", "id"=>"4"}
  [1m[36mUser Load (0.2ms)[0m  [1m[34mSELECT "users".* FROM "users" WHERE "users"."id" = ? ORDER BY "users"."id" ASC LIMIT ?[0m  [["id", 2], ["LIMIT", 1]]
  [1m[36mUploadedFile Load (0.1ms)[0m  [1m[34mSELECT "uploaded_files".* FROM "uploaded_files" WHERE "uploaded_files"."user_id" = ? AND "uploaded_files"."id" = ? LIMIT ?[0m  [["user_id", 2], ["id", 4], ["LIMIT", 1]]
  ↳ app/controllers/files_controller.rb:56:in `set_file'
  [1m[36mUploadedFile Exists? (0.1ms)[0m  [1m[34mSELECT 1 AS one FROM "uploaded_files" WHERE "uploaded_files"."share_token" = ? LIMIT ?[0m  [["share_token", "[FILTERED]"], ["LIMIT", 1]]
  ↳ app/models/uploaded_file.rb:16:in `block in generate_share_token'
  [1m[36mTRANSACTION (0.0ms)[0m  [1m[36mbegin transaction[0m
  ↳ app/models/uploaded_file.rb:17:in `block in generate_share_token'
  [1m[36mActiveStorage::Attachment Load (0.1ms)[0m  [1m[34mSELECT "active_storage_attachments".* FROM "active_storage_attachments" WHERE "active_storage_attachments"."record_id" = ? AND "active_storage_attachments"."record_type" = ? AND "active_storage_attachments"."name" = ? LIMIT ?[0m  [["record_id", 4], ["record_type", "UploadedFile"], ["name", "file"], ["LIMIT", 1]]
  ↳ app/models/uploaded_file.rb:17:in `block in generate_share_token'
  [1m[36mActiveStorage::Blob Load (0.0ms)[0m  [1m[34mSELECT "active_storage_blobs".* FROM "active_storage_blobs" WHERE "active_storage_blobs"."id" = ? LIMIT ?[0m  [["id", 7], ["LIMIT", 1]]
  ↳ app/models/uploaded_file.rb:17:in `block in generate_share_token'
  [1m[36mUploadedFile Update (0.9ms)[0m  [1m[33mUPDATE "uploaded_files" SET "share_token" = ?, "updated_at" = ? WHERE "uploaded_files"."id" = ?[0m  [["share_token", "[FILTERED]"], ["updated_at", "2025-01-13 09:44:48.353903"], ["id", 4]]
  ↳ app/models/uploaded_file.rb:17:in `block in generate_share_token'
  [1m[36mTRANSACTION (1.0ms)[0m  [1m[36mcommit transaction[0m
  ↳ app/models/uploaded_file.rb:17:in `block in generate_share_token'
Redirected to http://localhost:3000/files
Completed 302 Found in 15ms (ActiveRecord: 2.4ms | Allocations: 6931)


Started GET "/files" for ::1 at 2025-01-13 15:14:48 +0530
Processing by FilesController#index as TURBO_STREAM
  [1m[36mUser Load (0.1ms)[0m  [1m[34mSELECT "users".* FROM "users" WHERE "users"."id" = ? ORDER BY "users"."id" ASC LIMIT ?[0m  [["id", 2], ["LIMIT", 1]]
  Rendering layout layouts/application.html.erb
  Rendering files/index.html.erb within layouts/application
  [1m[36mUploadedFile Exists? (0.1ms)[0m  [1m[34mSELECT 1 AS one FROM "uploaded_files" WHERE "uploaded_files"."user_id" = ? LIMIT ?[0m  [["user_id", 2], ["LIMIT", 1]]
  ↳ app/views/files/index.html.erb:9
  [1m[36mUploadedFile Load (0.0ms)[0m  [1m[34mSELECT "uploaded_files".* FROM "uploaded_files" WHERE "uploaded_files"."user_id" = ? ORDER BY "uploaded_files"."created_at" DESC[0m  [["user_id", 2]]
  ↳ app/views/files/index.html.erb:25
  [1m[36mActiveStorage::Attachment Load (0.0ms)[0m  [1m[34mSELECT "active_storage_attachments".* FROM "active_storage_attachments" WHERE "active_storage_attachments"."record_id" = ? AND "active_storage_attachments"."record_type" = ? AND "active_storage_attachments"."name" = ? LIMIT ?[0m  [["record_id", 4], ["record_type", "UploadedFile"], ["name", "file"], ["LIMIT", 1]]
  ↳ app/views/files/index.html.erb:34
  [1m[36mActiveStorage::Blob Load (0.0ms)[0m  [1m[34mSELECT "active_storage_blobs".* FROM "active_storage_blobs" WHERE "active_storage_blobs"."id" = ? LIMIT ?[0m  [["id", 7], ["LIMIT", 1]]
  ↳ app/views/files/index.html.erb:34
  Rendered files/index.html.erb within layouts/application (Duration: 4.1ms | Allocations: 3575)
  Rendered layout layouts/application.html.erb (Duration: 6.4ms | Allocations: 5540)
Completed 200 OK in 9ms (Views: 6.5ms | ActiveRecord: 0.3ms | Allocations: 7298)


Started DELETE "/files/4/revoke_share_link" for ::1 at 2025-01-13 15:14:51 +0530
Processing by FilesController#revoke_share_link as TURBO_STREAM
  Parameters: {"authenticity_token"=>"[FILTERED]", "id"=>"4"}
  [1m[36mUser Load (0.2ms)[0m  [1m[34mSELECT "users".* FROM "users" WHERE "users"."id" = ? ORDER BY "users"."id" ASC LIMIT ?[0m  [["id", 2], ["LIMIT", 1]]
  [1m[36mUploadedFile Load (0.1ms)[0m  [1m[34mSELECT "uploaded_files".* FROM "uploaded_files" WHERE "uploaded_files"."user_id" = ? AND "uploaded_files"."id" = ? LIMIT ?[0m  [["user_id", 2], ["id", 4], ["LIMIT", 1]]
  ↳ app/controllers/files_controller.rb:56:in `set_file'
  [1m[36mTRANSACTION (0.0ms)[0m  [1m[36mbegin transaction[0m
  ↳ app/models/uploaded_file.rb:25:in `revoke_share_token'
  [1m[36mActiveStorage::Attachment Load (0.1ms)[0m  [1m[34mSELECT "active_storage_attachments".* FROM "active_storage_attachments" WHERE "active_storage_attachments"."record_id" = ? AND "active_storage_attachments"."record_type" = ? AND "active_storage_attachments"."name" = ? LIMIT ?[0m  [["record_id", 4], ["record_type", "UploadedFile"], ["name", "file"], ["LIMIT", 1]]
  ↳ app/models/uploaded_file.rb:25:in `revoke_share_token'
  [1m[36mActiveStorage::Blob Load (0.0ms)[0m  [1m[34mSELECT "active_storage_blobs".* FROM "active_storage_blobs" WHERE "active_storage_blobs"."id" = ? LIMIT ?[0m  [["id", 7], ["LIMIT", 1]]
  ↳ app/models/uploaded_file.rb:25:in `revoke_share_token'
  [1m[36mUploadedFile Update (0.8ms)[0m  [1m[33mUPDATE "uploaded_files" SET "share_token" = ?, "updated_at" = ? WHERE "uploaded_files"."id" = ?[0m  [["share_token", "[FILTERED]"], ["updated_at", "2025-01-13 09:44:51.070240"], ["id", 4]]
  ↳ app/models/uploaded_file.rb:25:in `revoke_share_token'
  [1m[36mTRANSACTION (1.2ms)[0m  [1m[36mcommit transaction[0m
  ↳ app/models/uploaded_file.rb:25:in `revoke_share_token'
Redirected to http://localhost:3000/files
Completed 302 Found in 15ms (ActiveRecord: 2.4ms | Allocations: 6324)


Started GET "/files" for ::1 at 2025-01-13 15:14:51 +0530
Processing by FilesController#index as TURBO_STREAM
  [1m[36mUser Load (0.1ms)[0m  [1m[34mSELECT "users".* FROM "users" WHERE "users"."id" = ? ORDER BY "users"."id" ASC LIMIT ?[0m  [["id", 2], ["LIMIT", 1]]
  Rendering layout layouts/application.html.erb
  Rendering files/index.html.erb within layouts/application
  [1m[36mUploadedFile Exists? (0.1ms)[0m  [1m[34mSELECT 1 AS one FROM "uploaded_files" WHERE "uploaded_files"."user_id" = ? LIMIT ?[0m  [["user_id", 2], ["LIMIT", 1]]
  ↳ app/views/files/index.html.erb:9
  [1m[36mUploadedFile Load (0.0ms)[0m  [1m[34mSELECT "uploaded_files".* FROM "uploaded_files" WHERE "uploaded_files"."user_id" = ? ORDER BY "uploaded_files"."created_at" DESC[0m  [["user_id", 2]]
  ↳ app/views/files/index.html.erb:25
  [1m[36mActiveStorage::Attachment Load (0.0ms)[0m  [1m[34mSELECT "active_storage_attachments".* FROM "active_storage_attachments" WHERE "active_storage_attachments"."record_id" = ? AND "active_storage_attachments"."record_type" = ? AND "active_storage_attachments"."name" = ? LIMIT ?[0m  [["record_id", 4], ["record_type", "UploadedFile"], ["name", "file"], ["LIMIT", 1]]
  ↳ app/views/files/index.html.erb:34
  [1m[36mActiveStorage::Blob Load (0.0ms)[0m  [1m[34mSELECT "active_storage_blobs".* FROM "active_storage_blobs" WHERE "active_storage_blobs"."id" = ? LIMIT ?[0m  [["id", 7], ["LIMIT", 1]]
  ↳ app/views/files/index.html.erb:34
  Rendered files/index.html.erb within layouts/application (Duration: 4.2ms | Allocations: 3483)
  Rendered layout layouts/application.html.erb (Duration: 6.4ms | Allocations: 5448)
Completed 200 OK in 9ms (Views: 6.5ms | ActiveRecord: 0.3ms | Allocations: 7171)


Started GET "/files" for ::1 at 2025-01-13 15:55:17 +0530
  [1m[36mActiveRecord::SchemaMigration Pluck (0.1ms)[0m  [1m[34mSELECT "schema_migrations"."version" FROM "schema_migrations" ORDER BY "schema_migrations"."version" ASC[0m
Processing by FilesController#index as HTML
  [1m[36mUser Load (0.2ms)[0m  [1m[34mSELECT "users".* FROM "users" WHERE "users"."id" = ? ORDER BY "users"."id" ASC LIMIT ?[0m  [["id", 2], ["LIMIT", 1]]
  Rendering layout layouts/application.html.erb
  Rendering files/index.html.erb within layouts/application
  [1m[36mUploadedFile Exists? (0.2ms)[0m  [1m[34mSELECT 1 AS one FROM "uploaded_files" WHERE "uploaded_files"."user_id" = ? LIMIT ?[0m  [["user_id", 2], ["LIMIT", 1]]
  ↳ app/views/files/index.html.erb:9
  [1m[36mUploadedFile Load (0.2ms)[0m  [1m[34mSELECT "uploaded_files".* FROM "uploaded_files" WHERE "uploaded_files"."user_id" = ? ORDER BY "uploaded_files"."created_at" DESC[0m  [["user_id", 2]]
  ↳ app/views/files/index.html.erb:25
  [1m[36mActiveStorage::Attachment Load (0.3ms)[0m  [1m[34mSELECT "active_storage_attachments".* FROM "active_storage_attachments" WHERE "active_storage_attachments"."record_id" = ? AND "active_storage_attachments"."record_type" = ? AND "active_storage_attachments"."name" = ? LIMIT ?[0m  [["record_id", 4], ["record_type", "UploadedFile"], ["name", "file"], ["LIMIT", 1]]
  ↳ app/views/files/index.html.erb:34
  [1m[36mActiveStorage::Blob Load (0.1ms)[0m  [1m[34mSELECT "active_storage_blobs".* FROM "active_storage_blobs" WHERE "active_storage_blobs"."id" = ? LIMIT ?[0m  [["id", 7], ["LIMIT", 1]]
  ↳ app/views/files/index.html.erb:34
  Rendered files/index.html.erb within layouts/application (Duration: 27.5ms | Allocations: 28695)
  Rendered layout layouts/application.html.erb (Duration: 84.5ms | Allocations: 67470)
Completed 200 OK in 116ms (Views: 85.4ms | ActiveRecord: 1.9ms | Allocations: 87335)


Started GET "/files/4" for ::1 at 2025-01-13 15:55:35 +0530
Processing by FilesController#show as HTML
  Parameters: {"id"=>"4"}
  [1m[36mUser Load (0.1ms)[0m  [1m[34mSELECT "users".* FROM "users" WHERE "users"."id" = ? ORDER BY "users"."id" ASC LIMIT ?[0m  [["id", 2], ["LIMIT", 1]]
  [1m[36mUploadedFile Load (0.2ms)[0m  [1m[34mSELECT "uploaded_files".* FROM "uploaded_files" WHERE "uploaded_files"."user_id" = ? AND "uploaded_files"."id" = ? LIMIT ?[0m  [["user_id", 2], ["id", 4], ["LIMIT", 1]]
  ↳ app/controllers/files_controller.rb:56:in `set_file'
  [1m[36mActiveStorage::Attachment Load (0.1ms)[0m  [1m[34mSELECT "active_storage_attachments".* FROM "active_storage_attachments" WHERE "active_storage_attachments"."record_id" = ? AND "active_storage_attachments"."record_type" = ? AND "active_storage_attachments"."name" = ? LIMIT ?[0m  [["record_id", 4], ["record_type", "UploadedFile"], ["name", "file"], ["LIMIT", 1]]
  ↳ app/controllers/files_controller.rb:10:in `show'
  [1m[36mActiveStorage::Blob Load (0.1ms)[0m  [1m[34mSELECT "active_storage_blobs".* FROM "active_storage_blobs" WHERE "active_storage_blobs"."id" = ? LIMIT ?[0m  [["id", 7], ["LIMIT", 1]]
  ↳ app/controllers/files_controller.rb:11:in `show'
[36m  Disk Storage (0.5ms) [0m[34mDownloaded file from key: glp5p414lnvifankxs3vriic0q5v[0m
  Rendering text template
  Rendered text template (Duration: 0.0ms | Allocations: 10)
Sent data profile.jpeg (1.5ms)
Completed 200 OK in 10ms (Views: 1.2ms | ActiveRecord: 0.4ms | Allocations: 4727)


Started POST "/files/4/generate_share_link" for ::1 at 2025-01-13 15:55:36 +0530
Processing by FilesController#generate_share_link as TURBO_STREAM
  Parameters: {"authenticity_token"=>"[FILTERED]", "id"=>"4"}
  [1m[36mUser Load (0.1ms)[0m  [1m[34mSELECT "users".* FROM "users" WHERE "users"."id" = ? ORDER BY "users"."id" ASC LIMIT ?[0m  [["id", 2], ["LIMIT", 1]]
  [1m[36mUploadedFile Load (0.1ms)[0m  [1m[34mSELECT "uploaded_files".* FROM "uploaded_files" WHERE "uploaded_files"."user_id" = ? AND "uploaded_files"."id" = ? LIMIT ?[0m  [["user_id", 2], ["id", 4], ["LIMIT", 1]]
  ↳ app/controllers/files_controller.rb:56:in `set_file'
  [1m[36mUploadedFile Exists? (0.1ms)[0m  [1m[34mSELECT 1 AS one FROM "uploaded_files" WHERE "uploaded_files"."share_token" = ? LIMIT ?[0m  [["share_token", "[FILTERED]"], ["LIMIT", 1]]
  ↳ app/models/uploaded_file.rb:16:in `block in generate_share_token'
  [1m[36mTRANSACTION (0.0ms)[0m  [1m[36mbegin transaction[0m
  ↳ app/models/uploaded_file.rb:17:in `block in generate_share_token'
  [1m[36mActiveStorage::Attachment Load (0.1ms)[0m  [1m[34mSELECT "active_storage_attachments".* FROM "active_storage_attachments" WHERE "active_storage_attachments"."record_id" = ? AND "active_storage_attachments"."record_type" = ? AND "active_storage_attachments"."name" = ? LIMIT ?[0m  [["record_id", 4], ["record_type", "UploadedFile"], ["name", "file"], ["LIMIT", 1]]
  ↳ app/models/uploaded_file.rb:17:in `block in generate_share_token'
  [1m[36mActiveStorage::Blob Load (0.0ms)[0m  [1m[34mSELECT "active_storage_blobs".* FROM "active_storage_blobs" WHERE "active_storage_blobs"."id" = ? LIMIT ?[0m  [["id", 7], ["LIMIT", 1]]
  ↳ app/models/uploaded_file.rb:17:in `block in generate_share_token'
  [1m[36mUploadedFile Update (1.4ms)[0m  [1m[33mUPDATE "uploaded_files" SET "share_token" = ?, "updated_at" = ? WHERE "uploaded_files"."id" = ?[0m  [["share_token", "[FILTERED]"], ["updated_at", "2025-01-13 10:25:36.972772"], ["id", 4]]
  ↳ app/models/uploaded_file.rb:17:in `block in generate_share_token'
  [1m[36mTRANSACTION (1.3ms)[0m  [1m[36mcommit transaction[0m
  ↳ app/models/uploaded_file.rb:17:in `block in generate_share_token'
Redirected to http://localhost:3000/files
Completed 302 Found in 14ms (ActiveRecord: 3.1ms | Allocations: 8710)


Started GET "/files" for ::1 at 2025-01-13 15:55:36 +0530
Processing by FilesController#index as TURBO_STREAM
  [1m[36mUser Load (0.1ms)[0m  [1m[34mSELECT "users".* FROM "users" WHERE "users"."id" = ? ORDER BY "users"."id" ASC LIMIT ?[0m  [["id", 2], ["LIMIT", 1]]
  Rendering layout layouts/application.html.erb
  Rendering files/index.html.erb within layouts/application
  [1m[36mUploadedFile Exists? (10.2ms)[0m  [1m[34mSELECT 1 AS one FROM "uploaded_files" WHERE "uploaded_files"."user_id" = ? LIMIT ?[0m  [["user_id", 2], ["LIMIT", 1]]
  ↳ app/views/files/index.html.erb:9
  [1m[36mUploadedFile Load (0.0ms)[0m  [1m[34mSELECT "uploaded_files".* FROM "uploaded_files" WHERE "uploaded_files"."user_id" = ? ORDER BY "uploaded_files"."created_at" DESC[0m  [["user_id", 2]]
  ↳ app/views/files/index.html.erb:25
  [1m[36mActiveStorage::Attachment Load (0.0ms)[0m  [1m[34mSELECT "active_storage_attachments".* FROM "active_storage_attachments" WHERE "active_storage_attachments"."record_id" = ? AND "active_storage_attachments"."record_type" = ? AND "active_storage_attachments"."name" = ? LIMIT ?[0m  [["record_id", 4], ["record_type", "UploadedFile"], ["name", "file"], ["LIMIT", 1]]
  ↳ app/views/files/index.html.erb:34
  [1m[36mActiveStorage::Blob Load (0.0ms)[0m  [1m[34mSELECT "active_storage_blobs".* FROM "active_storage_blobs" WHERE "active_storage_blobs"."id" = ? LIMIT ?[0m  [["id", 7], ["LIMIT", 1]]
  ↳ app/views/files/index.html.erb:34
  Rendered files/index.html.erb within layouts/application (Duration: 13.8ms | Allocations: 3696)
  Rendered layout layouts/application.html.erb (Duration: 15.7ms | Allocations: 5788)
Completed 200 OK in 18ms (Views: 5.7ms | ActiveRecord: 10.4ms | Allocations: 7627)


Started GET "/files/new" for ::1 at 2025-01-13 15:55:55 +0530
Processing by FilesController#new as HTML
  [1m[36mUser Load (0.2ms)[0m  [1m[34mSELECT "users".* FROM "users" WHERE "users"."id" = ? ORDER BY "users"."id" ASC LIMIT ?[0m  [["id", 2], ["LIMIT", 1]]
  Rendering layout layouts/application.html.erb
  Rendering files/new.html.erb within layouts/application
  Rendered files/new.html.erb within layouts/application (Duration: 23.5ms | Allocations: 4808)
  Rendered layout layouts/application.html.erb (Duration: 26.0ms | Allocations: 6918)
Completed 200 OK in 32ms (Views: 26.5ms | ActiveRecord: 0.2ms | Allocations: 8860)


Started DELETE "/users/sign_out" for ::1 at 2025-01-13 15:55:57 +0530
Processing by Devise::SessionsController#destroy as TURBO_STREAM
  Parameters: {"authenticity_token"=>"[FILTERED]"}
  [1m[36mUser Load (0.2ms)[0m  [1m[34mSELECT "users".* FROM "users" WHERE "users"."id" = ? ORDER BY "users"."id" ASC LIMIT ?[0m  [["id", 2], ["LIMIT", 1]]
Redirected to http://localhost:3000/
Completed 303 See Other in 10ms (ActiveRecord: 0.2ms | Allocations: 3071)


Started GET "/" for ::1 at 2025-01-13 15:55:57 +0530
Processing by FilesController#index as TURBO_STREAM
Completed 401 Unauthorized in 2ms (ActiveRecord: 0.0ms | Allocations: 407)


Started GET "/users/sign_in" for ::1 at 2025-01-13 15:55:57 +0530
Processing by Devise::SessionsController#new as TURBO_STREAM
  Rendering layout layouts/application.html.erb
  Rendering devise/sessions/new.html.erb within layouts/application
  Rendered devise/shared/_links.html.erb (Duration: 1.0ms | Allocations: 772)
  Rendered devise/sessions/new.html.erb within layouts/application (Duration: 5.3ms | Allocations: 2872)
  Rendered layout layouts/application.html.erb (Duration: 7.0ms | Allocations: 4788)
Completed 200 OK in 11ms (Views: 8.7ms | ActiveRecord: 0.0ms | Allocations: 6343)


